run_at,run_id,plugin_version,mc_version,category,key,verdict,detail
2026-09-01T06:25:40.189321142Z,33477071838,2.3.1,1.12.2,filters.* + format.* + embeds.*,log.custom,PASS,no wording to compare
2026-09-01T06:25:40.189515125Z,33477071838,2.3.1,1.12.2,filters.* + format.* + embeds.*,log.player.death.show_coords,PASS,no wording to compare
2026-09-01T06:25:40.189535123Z,33477071838,2.3.1,1.12.2,filters.* + format.* + embeds.*,log.player.death.show_coords,PASS,left the location out when switched off
2026-09-01T06:25:40.189550632Z,33477071838,2.3.1,1.12.2,filters.* + format.* + embeds.*,embeds.author,PASS,no wording to compare
2026-09-01T06:25:40.189565419Z,33477071838,2.3.1,1.12.2,filters.* + format.* + embeds.*,embeds.enabled,PASS,no wording to compare
2026-09-01T06:25:40.189609472Z,33477071838,2.3.1,1.12.2,filters.* + format.* + embeds.*,embeds.enabled,PASS,switched to plain text
2026-09-01T06:25:40.189629299Z,33477071838,2.3.1,1.12.2,filters.* + format.* + embeds.*,filters.exempt_permission,PASS,suppressed the event it was set to suppress
2026-09-01T06:25:40.189643415Z,33477071838,2.3.1,1.12.2,filters.* + format.* + embeds.*,format.name,PASS,no wording to compare
2026-09-01T06:25:40.189656700Z,33477071838,2.3.1,1.12.2,filters.* + format.* + embeds.*,format.nicknames,PASS,no wording to compare
2026-09-01T06:25:40.189670225Z,33477071838,2.3.1,1.12.2,filters.* + format.* + embeds.*,format.nicknames,PASS,used the real name when switched off
2026-09-01T06:25:40.189684101Z,33477071838,2.3.1,1.12.2,filters.* + format.* + embeds.*,format.placeholders,POTENTIAL_ERROR,a placeholder typed in chat did not survive as written; expansion of player-supplied text would be a leak
2026-09-01T06:25:40.189714348Z,33477071838,2.3.1,1.12.2,filters.* + format.* + embeds.*,format.time,PASS,no wording to compare
2026-09-01T06:25:40.189729146Z,33477071838,2.3.1,1.12.2,filters.* + format.* + embeds.*,filters.ignored_advancements,PASS,suppressed the event it was set to suppress
2026-09-01T06:25:40.189758931Z,33477071838,2.3.1,1.12.2,filters.* + format.* + embeds.*,filters.ignored_chat_containing,PASS,suppressed the event it was set to suppress
2026-09-01T06:25:40.189778478Z,33477071838,2.3.1,1.12.2,filters.* + format.* + embeds.*,filters.ignored_commands,PASS,suppressed the event it was set to suppress
2026-09-01T06:25:40.189792685Z,33477071838,2.3.1,1.12.2,filters.* + format.* + embeds.*,filters.ignored_death_causes,PASS,suppressed the event it was set to suppress
2026-09-01T06:25:40.189805569Z,33477071838,2.3.1,1.12.2,filters.* + format.* + embeds.*,filters.ignored_explosion_sources,PASS,suppressed the event it was set to suppress
2026-09-01T06:25:40.189828802Z,33477071838,2.3.1,1.12.2,filters.* + format.* + embeds.*,filters.ignored_players,PASS,suppressed the event it was set to suppress
2026-09-01T06:25:40.189847347Z,33477071838,2.3.1,1.12.2,filters.* + format.* + embeds.*,filters.ignored_teleport_causes,PASS,suppressed the event it was set to suppress
2026-09-01T06:25:40.189879918Z,33477071838,2.3.1,1.12.2,filters.* + format.* + embeds.*,filters.ignored_worlds,PASS,suppressed the event it was set to suppress
2026-09-01T06:25:40.189899054Z,33477071838,2.3.1,1.12.2,filters.* + format.* + embeds.*,log.player.join.show_platform,PASS,logged a Java join cleanly; the Bedrock flag itself needs Floodgate and is not driveable here
2026-09-01T06:25:40.189913100Z,33477071838,2.3.1,1.12.2,filters.* + format.* + embeds.*,filters.log_recipe_advancements,PASS,suppressed the event it was set to suppress
2026-09-01T06:25:40.189926565Z,33477071838,2.3.1,1.12.2,filters.* + format.* + embeds.*,filters.minimum_chat_length,PASS,suppressed the event it was set to suppress
2026-09-01T06:25:40.189939249Z,33477071838,2.3.1,1.12.2,filters.* + format.* + embeds.*,filters.minimum_explosion_blocks,PASS,suppressed the event it was set to suppress
2026-09-01T06:25:40.189951802Z,33477071838,2.3.1,1.12.2,filters.* + format.* + embeds.*,filters.minimum_teleport_distance,PASS,suppressed the event it was set to suppress
2026-09-01T06:25:40.189964186Z,33477071838,2.3.1,1.12.2,filters.* + format.* + embeds.*,filters.only_log_commands,PASS,suppressed the event it was set to suppress
2026-09-01T06:25:40.189976388Z,33477071838,2.3.1,1.12.2,filters.* + format.* + embeds.*,filters.respect_vanish,PASS,suppressed the event it was set to suppress
2026-09-01T06:25:40.189988441Z,33477071838,2.3.1,1.12.2,filters.* + format.* + embeds.*,webhook.url,PASS,every event followed the main webhook when it changed
2026-09-01T06:32:50.195113717Z,33477071838,2.3.1,1.12.2,log.server.* + log.moderation.*,log.server.command.color,PASS,no wording to compare
2026-09-01T06:32:50.195163931Z,33477071838,2.3.1,1.12.2,log.server.* + log.moderation.*,log.server.explosion.color,PASS,no wording to compare
2026-09-01T06:32:50.195183978Z,33477071838,2.3.1,1.12.2,log.server.* + log.moderation.*,log.moderation.ban.color,PASS,no wording to compare
2026-09-01T06:32:50.195204897Z,33477071838,2.3.1,1.12.2,log.server.* + log.moderation.*,log.moderation.unban.color,PASS,no wording to compare
2026-09-01T06:32:50.195223292Z,33477071838,2.3.1,1.12.2,log.server.* + log.moderation.*,log.moderation.op.color,WRONG,"sent nothing --- last server output --- [06:26:28 INFO]: [DiscordLogger] [06:26:28, 01:09:2026] Explosion: Source: Wither | World: world | Location: world (-252, 66, 252) | Blocks Affected: 0 | Yield: 0.00 | Players Nearby: None [06:26:28 INFO]: [DiscordLogger] [06:26:28, 01:09:2026] Explosion: Sou…"
2026-09-01T06:32:50.195244321Z,33477071838,2.3.1,1.12.2,log.server.* + log.moderation.*,log.moderation.deop.color,WRONG,"sent nothing --- last server output --- [06:26:28 INFO]: DiscordLogger configuration reloaded (20 ms). [06:26:28 INFO]: [DiscordLogger] [06:26:28, 01:09:2026] Server Command: CONSOLE ran: /pardon Player1 [06:26:29 INFO]: Could not unban player Player1 [06:26:31 INFO]: [DiscordLogger] [06:26:31, 01:…"
2026-09-01T06:32:50.195263768Z,33477071838,2.3.1,1.12.2,log.server.* + log.moderation.*,log.moderation.whitelist_toggle.color,PASS,no wording to compare
2026-09-01T06:32:50.195281641Z,33477071838,2.3.1,1.12.2,log.server.* + log.moderation.*,log.moderation.whitelist_edit.color,PASS,no wording to compare
2026-09-01T06:32:50.195299755Z,33477071838,2.3.1,1.12.2,log.server.* + log.moderation.*,log.server.command.enabled,PASS,correctly sent nothing
2026-09-01T06:32:50.195318881Z,33477071838,2.3.1,1.12.2,log.server.* + log.moderation.*,log.server.explosion.enabled,PASS,correctly sent nothing
2026-09-01T06:32:50.195337616Z,33477071838,2.3.1,1.12.2,log.server.* + log.moderation.*,log.moderation.ban.enabled,PASS,correctly sent nothing
2026-09-01T06:32:50.195355910Z,33477071838,2.3.1,1.12.2,log.server.* + log.moderation.*,log.moderation.unban.enabled,PASS,correctly sent nothing
2026-09-01T06:32:50.195374845Z,33477071838,2.3.1,1.12.2,log.server.* + log.moderation.*,log.moderation.op.enabled,PASS,correctly sent nothing
2026-09-01T06:32:50.195394913Z,33477071838,2.3.1,1.12.2,log.server.* + log.moderation.*,log.moderation.deop.enabled,PASS,correctly sent nothing
2026-09-01T06:32:50.195413889Z,33477071838,2.3.1,1.12.2,log.server.* + log.moderation.*,log.moderation.whitelist_toggle.enabled,PASS,correctly sent nothing
2026-09-01T06:32:50.195432433Z,33477071838,2.3.1,1.12.2,log.server.* + log.moderation.*,log.moderation.whitelist_edit.enabled,PASS,correctly sent nothing
2026-09-01T06:32:50.195451509Z,33477071838,2.3.1,1.12.2,log.server.* + log.moderation.*,log.server.command.enabled,PASS,no wording to compare
2026-09-01T06:32:50.195470184Z,33477071838,2.3.1,1.12.2,log.server.* + log.moderation.*,log.server.explosion.enabled,PASS,no wording to compare
2026-09-01T06:32:50.195488949Z,33477071838,2.3.1,1.12.2,log.server.* + log.moderation.*,log.moderation.ban.enabled,PASS,no wording to compare
2026-09-01T06:32:50.195507284Z,33477071838,2.3.1,1.12.2,log.server.* + log.moderation.*,log.moderation.unban.enabled,PASS,no wording to compare
2026-09-01T06:32:50.195525558Z,33477071838,2.3.1,1.12.2,log.server.* + log.moderation.*,log.moderation.op.enabled,WRONG,"sent nothing --- last server output --- [06:29:42 INFO]: [DiscordLogger] [06:29:42, 01:09:2026] Explosion: Source: Wither | World: world | Location: world (-252, 66, 252) | Blocks Affected: 0 | Yield: 0.00 | Players Nearby: None [06:29:42 INFO]: [DiscordLogger] [06:29:42, 01:09:2026] Explosion: Sou…"
2026-09-01T06:32:50.195545525Z,33477071838,2.3.1,1.12.2,log.server.* + log.moderation.*,log.moderation.deop.enabled,WRONG,"sent nothing --- last server output --- [06:29:42 INFO]: DiscordLogger configuration reloaded (15 ms). [06:29:42 INFO]: [DiscordLogger] [06:29:42, 01:09:2026] Server Command: CONSOLE ran: /pardon Player1 [06:29:42 INFO]: Could not unban player Player1 [06:29:45 INFO]: [DiscordLogger] [06:29:45, 01:…"
2026-09-01T06:32:50.195565863Z,33477071838,2.3.1,1.12.2,log.server.* + log.moderation.*,log.moderation.whitelist_toggle.enabled,PASS,no wording to compare
2026-09-01T06:32:50.195594287Z,33477071838,2.3.1,1.12.2,log.server.* + log.moderation.*,log.moderation.whitelist_edit.enabled,PASS,no wording to compare
2026-09-01T06:32:50.195612441Z,33477071838,2.3.1,1.12.2,log.server.* + log.moderation.*,log.moderation.kick.enabled,POTENTIAL_ERROR,"a real kick needs a connected client, which this harness cannot provide; both halves of the listener ran without faulting"
2026-09-01T06:32:50.195630684Z,33477071838,2.3.1,1.12.2,log.server.* + log.moderation.*,log.moderation.kick.color,POTENTIAL_ERROR,"a real kick needs a connected client, which this harness cannot provide; both halves of the listener ran without faulting"
2026-09-01T06:32:50.195649840Z,33477071838,2.3.1,1.12.2,log.server.* + log.moderation.*,log.moderation.kick.webhook,POTENTIAL_ERROR,"a real kick needs a connected client, which this harness cannot provide; both halves of the listener ran without faulting"
2026-09-01T06:32:50.195668305Z,33477071838,2.3.1,1.12.2,log.server.* + log.moderation.*,log.server.command.webhook,PASS,routed to its own webhook
2026-09-01T06:32:50.195686689Z,33477071838,2.3.1,1.12.2,log.server.* + log.moderation.*,log.server.explosion.webhook,PASS,routed to its own webhook
2026-09-01T06:32:50.195739127Z,33477071838,2.3.1,1.12.2,log.server.* + log.moderation.*,log.moderation.ban.webhook,PASS,routed to its own webhook
2026-09-01T06:32:50.195759886Z,33477071838,2.3.1,1.12.2,log.server.* + log.moderation.*,log.moderation.unban.webhook,PASS,routed to its own webhook
2026-09-01T06:32:50.195778391Z,33477071838,2.3.1,1.12.2,log.server.* + log.moderation.*,log.moderation.op.webhook,WRONG,sent nothing --- last server output --- [06:31:22 INFO]: DRIVER-OK explosion [06:31:22 INFO]: [DiscordLoggerDriver] DRIVER-OK explosion [06:31:22 INFO]: [DiscordLogger] Log filters active: 5 rule(s). [06:31:22 INFO]: [DiscordLogger] Per-event webhook routing active for 2 categories. [06:31:22 INFO]…
2026-09-01T06:32:50.195798859Z,33477071838,2.3.1,1.12.2,log.server.* + log.moderation.*,log.moderation.deop.webhook,WRONG,"sent nothing --- last server output --- [06:31:26 INFO]: [DiscordLogger] [06:31:26, 01:09:2026] Server Command: CONSOLE ran: /ban Player1 [06:31:26 INFO]: Banned player Player1 [06:31:26 INFO]: [DiscordLogger] [06:31:26, 01:09:2026] Player Banned: Player Name: Player1 | Ban Reason (if provided): N/…"
2026-09-01T06:32:50.195818296Z,33477071838,2.3.1,1.12.2,log.server.* + log.moderation.*,log.moderation.whitelist_toggle.webhook,PASS,routed to its own webhook
2026-09-01T06:32:50.195837963Z,33477071838,2.3.1,1.12.2,log.server.* + log.moderation.*,log.moderation.whitelist_edit.webhook,PASS,routed to its own webhook
2026-09-01T06:33:51.518003816Z,33477071838,2.3.1,1.12.2,log.server.start/stop,log.server.stop.enabled,PASS,no wording to compare
2026-09-01T06:33:51.518088124Z,33477071838,2.3.1,1.12.2,log.server.start/stop,log.server.stop.color,PASS,no wording to compare
2026-09-01T06:33:51.518105406Z,33477071838,2.3.1,1.12.2,log.server.start/stop,log.server.start.enabled,PASS,no wording to compare
2026-09-01T06:33:51.518118811Z,33477071838,2.3.1,1.12.2,log.server.start/stop,log.server.start.color,PASS,no wording to compare
2026-09-01T06:33:51.518131144Z,33477071838,2.3.1,1.12.2,log.server.start/stop,log.server.stop.webhook,PASS,routed to its own webhook
2026-09-01T06:33:51.518143928Z,33477071838,2.3.1,1.12.2,log.server.start/stop,log.server.start.webhook,PASS,routed to its own webhook
2026-09-01T06:33:51.518156501Z,33477071838,2.3.1,1.12.2,log.server.start/stop,log.server.stop.enabled,PASS,correctly sent nothing
2026-09-01T06:33:51.518174615Z,33477071838,2.3.1,1.12.2,log.server.start/stop,log.server.start.enabled,PASS,correctly sent nothing
2026-09-01T06:36:57.624688864Z,33477071838,2.3.1,1.12.2,log.player.*,log.player.join.color,PASS,no wording to compare
2026-09-01T06:36:57.624767501Z,33477071838,2.3.1,1.12.2,log.player.*,log.player.quit.color,PASS,no wording to compare
2026-09-01T06:36:57.624783461Z,33477071838,2.3.1,1.12.2,log.player.*,log.player.chat.color,PASS,no wording to compare
2026-09-01T06:36:57.624806544Z,33477071838,2.3.1,1.12.2,log.player.*,log.player.gamemode.color,PASS,no wording to compare
2026-09-01T06:36:57.624820330Z,33477071838,2.3.1,1.12.2,log.player.*,log.player.teleport.color,PASS,no wording to compare
2026-09-01T06:36:57.624833675Z,33477071838,2.3.1,1.12.2,log.player.*,log.player.death.color,PASS,no wording to compare
2026-09-01T06:36:57.624846970Z,33477071838,2.3.1,1.12.2,log.player.*,log.player.advancement.color,PASS,no wording to compare
2026-09-01T06:36:57.624860074Z,33477071838,2.3.1,1.12.2,log.player.*,log.player.join.enabled,PASS,correctly sent nothing
2026-09-01T06:36:57.624873309Z,33477071838,2.3.1,1.12.2,log.player.*,log.player.quit.enabled,PASS,correctly sent nothing
2026-09-01T06:36:57.624886404Z,33477071838,2.3.1,1.12.2,log.player.*,log.player.chat.enabled,PASS,correctly sent nothing
2026-09-01T06:36:57.624899078Z,33477071838,2.3.1,1.12.2,log.player.*,log.player.gamemode.enabled,PASS,correctly sent nothing
2026-09-01T06:36:57.624911811Z,33477071838,2.3.1,1.12.2,log.player.*,log.player.teleport.enabled,PASS,correctly sent nothing
2026-09-01T06:36:57.624925437Z,33477071838,2.3.1,1.12.2,log.player.*,log.player.death.enabled,PASS,correctly sent nothing
2026-09-01T06:36:57.624938652Z,33477071838,2.3.1,1.12.2,log.player.*,log.player.advancement.enabled,PASS,correctly sent nothing
2026-09-01T06:36:57.624950924Z,33477071838,2.3.1,1.12.2,log.player.*,log.player.join.enabled,PASS,no wording to compare
2026-09-01T06:36:57.624963538Z,33477071838,2.3.1,1.12.2,log.player.*,log.player.quit.enabled,PASS,no wording to compare
2026-09-01T06:36:57.624976022Z,33477071838,2.3.1,1.12.2,log.player.*,log.player.chat.enabled,PASS,no wording to compare
2026-09-01T06:36:57.624997792Z,33477071838,2.3.1,1.12.2,log.player.*,log.player.gamemode.enabled,PASS,no wording to compare
2026-09-01T06:36:57.625010626Z,33477071838,2.3.1,1.12.2,log.player.*,log.player.teleport.enabled,PASS,no wording to compare
2026-09-01T06:36:57.625022919Z,33477071838,2.3.1,1.12.2,log.player.*,log.player.death.enabled,PASS,no wording to compare
2026-09-01T06:36:57.625035162Z,33477071838,2.3.1,1.12.2,log.player.*,log.player.advancement.enabled,PASS,no wording to compare
2026-09-01T06:36:57.625047024Z,33477071838,2.3.1,1.12.2,log.player.*,log.player.join.webhook,PASS,routed to its own webhook
2026-09-01T06:36:57.625060029Z,33477071838,2.3.1,1.12.2,log.player.*,log.player.quit.webhook,PASS,routed to its own webhook
2026-09-01T06:36:57.625072672Z,33477071838,2.3.1,1.12.2,log.player.*,log.player.chat.webhook,PASS,routed to its own webhook
2026-09-01T06:36:57.625084945Z,33477071838,2.3.1,1.12.2,log.player.*,log.player.gamemode.webhook,PASS,routed to its own webhook
2026-09-01T06:36:57.625097138Z,33477071838,2.3.1,1.12.2,log.player.*,log.player.teleport.webhook,PASS,routed to its own webhook
2026-09-01T06:36:57.625109010Z,33477071838,2.3.1,1.12.2,log.player.*,log.player.death.webhook,PASS,routed to its own webhook
2026-09-01T06:36:57.625121263Z,33477071838,2.3.1,1.12.2,log.player.*,log.player.advancement.webhook,PASS,routed to its own webhook
2026-09-01T06:25:41.806956494Z,33477071838,2.3.1,1.16.5,filters.* + format.* + embeds.*,log.custom,PASS,no wording to compare
2026-09-01T06:25:41.807177682Z,33477071838,2.3.1,1.16.5,filters.* + format.* + embeds.*,log.player.death.show_coords,PASS,no wording to compare
2026-09-01T06:25:41.807207205Z,33477071838,2.3.1,1.16.5,filters.* + format.* + embeds.*,log.player.death.show_coords,PASS,left the location out when switched off
2026-09-01T06:25:41.807226744Z,33477071838,2.3.1,1.16.5,filters.* + format.* + embeds.*,embeds.author,PASS,no wording to compare
2026-09-01T06:25:41.807240675Z,33477071838,2.3.1,1.16.5,filters.* + format.* + embeds.*,embeds.enabled,PASS,no wording to compare
2026-09-01T06:25:41.807266103Z,33477071838,2.3.1,1.16.5,filters.* + format.* + embeds.*,embeds.enabled,PASS,switched to plain text
2026-09-01T06:25:41.807279482Z,33477071838,2.3.1,1.16.5,filters.* + format.* + embeds.*,filters.exempt_permission,PASS,suppressed the event it was set to suppress
2026-09-01T06:25:41.807292351Z,33477071838,2.3.1,1.16.5,filters.* + format.* + embeds.*,format.name,PASS,no wording to compare
2026-09-01T06:25:41.807304960Z,33477071838,2.3.1,1.16.5,filters.* + format.* + embeds.*,format.nicknames,PASS,no wording to compare
2026-09-01T06:25:41.807317639Z,33477071838,2.3.1,1.16.5,filters.* + format.* + embeds.*,format.nicknames,PASS,used the real name when switched off
2026-09-01T06:25:41.807330698Z,33477071838,2.3.1,1.16.5,filters.* + format.* + embeds.*,format.placeholders,POTENTIAL_ERROR,a placeholder typed in chat did not survive as written; expansion of player-supplied text would be a leak
2026-09-01T06:25:41.807367703Z,33477071838,2.3.1,1.16.5,filters.* + format.* + embeds.*,format.time,PASS,no wording to compare
2026-09-01T06:25:41.807386441Z,33477071838,2.3.1,1.16.5,filters.* + format.* + embeds.*,filters.ignored_advancements,PASS,suppressed the event it was set to suppress
2026-09-01T06:25:41.807407823Z,33477071838,2.3.1,1.16.5,filters.* + format.* + embeds.*,filters.ignored_chat_containing,PASS,suppressed the event it was set to suppress
2026-09-01T06:25:41.807420421Z,33477071838,2.3.1,1.16.5,filters.* + format.* + embeds.*,filters.ignored_commands,PASS,suppressed the event it was set to suppress
2026-09-01T06:25:41.807432990Z,33477071838,2.3.1,1.16.5,filters.* + format.* + embeds.*,filters.ignored_death_causes,PASS,suppressed the event it was set to suppress
2026-09-01T06:25:41.807445569Z,33477071838,2.3.1,1.16.5,filters.* + format.* + embeds.*,filters.ignored_explosion_sources,PASS,suppressed the event it was set to suppress
2026-09-01T06:25:41.807458177Z,33477071838,2.3.1,1.16.5,filters.* + format.* + embeds.*,filters.ignored_players,PASS,suppressed the event it was set to suppress
2026-09-01T06:25:41.807470355Z,33477071838,2.3.1,1.16.5,filters.* + format.* + embeds.*,filters.ignored_teleport_causes,PASS,suppressed the event it was set to suppress
2026-09-01T06:25:41.807487791Z,33477071838,2.3.1,1.16.5,filters.* + format.* + embeds.*,filters.ignored_worlds,PASS,suppressed the event it was set to suppress
2026-09-01T06:25:41.807500280Z,33477071838,2.3.1,1.16.5,filters.* + format.* + embeds.*,log.player.join.show_platform,PASS,logged a Java join cleanly; the Bedrock flag itself needs Floodgate and is not driveable here
2026-09-01T06:25:41.807526759Z,33477071838,2.3.1,1.16.5,filters.* + format.* + embeds.*,filters.log_recipe_advancements,PASS,suppressed the event it was set to suppress
2026-09-01T06:25:41.807545857Z,33477071838,2.3.1,1.16.5,filters.* + format.* + embeds.*,filters.minimum_chat_length,PASS,suppressed the event it was set to suppress
2026-09-01T06:25:41.807562712Z,33477071838,2.3.1,1.16.5,filters.* + format.* + embeds.*,filters.minimum_explosion_blocks,PASS,suppressed the event it was set to suppress
2026-09-01T06:25:41.807575171Z,33477071838,2.3.1,1.16.5,filters.* + format.* + embeds.*,filters.minimum_teleport_distance,PASS,suppressed the event it was set to suppress
2026-09-01T06:25:41.807587068Z,33477071838,2.3.1,1.16.5,filters.* + format.* + embeds.*,filters.only_log_commands,PASS,suppressed the event it was set to suppress
2026-09-01T06:25:41.807598545Z,33477071838,2.3.1,1.16.5,filters.* + format.* + embeds.*,filters.respect_vanish,PASS,suppressed the event it was set to suppress
2026-09-01T06:25:41.807609491Z,33477071838,2.3.1,1.16.5,filters.* + format.* + embeds.*,webhook.url,PASS,every event followed the main webhook when it changed
2026-09-01T06:30:00.977462420Z,33477071838,2.3.1,1.16.5,log.server.* + log.moderation.*,log.server.command.color,PASS,no wording to compare
2026-09-01T06:30:00.977530671Z,33477071838,2.3.1,1.16.5,log.server.* + log.moderation.*,log.server.explosion.color,PASS,no wording to compare
2026-09-01T06:30:00.977547185Z,33477071838,2.3.1,1.16.5,log.server.* + log.moderation.*,log.moderation.ban.color,PASS,no wording to compare
2026-09-01T06:30:00.977562138Z,33477071838,2.3.1,1.16.5,log.server.* + log.moderation.*,log.moderation.unban.color,PASS,no wording to compare
2026-09-01T06:30:00.977573835Z,33477071838,2.3.1,1.16.5,log.server.* + log.moderation.*,log.moderation.op.color,PASS,no wording to compare
2026-09-01T06:30:00.977585012Z,33477071838,2.3.1,1.16.5,log.server.* + log.moderation.*,log.moderation.deop.color,PASS,no wording to compare
2026-09-01T06:30:00.977595457Z,33477071838,2.3.1,1.16.5,log.server.* + log.moderation.*,log.moderation.whitelist_toggle.color,PASS,no wording to compare
2026-09-01T06:30:00.977606243Z,33477071838,2.3.1,1.16.5,log.server.* + log.moderation.*,log.moderation.whitelist_edit.color,PASS,no wording to compare
2026-09-01T06:30:00.977616598Z,33477071838,2.3.1,1.16.5,log.server.* + log.moderation.*,log.server.command.enabled,PASS,correctly sent nothing
2026-09-01T06:30:00.977626823Z,33477071838,2.3.1,1.16.5,log.server.* + log.moderation.*,log.server.explosion.enabled,PASS,correctly sent nothing
2026-09-01T06:30:00.977637349Z,33477071838,2.3.1,1.16.5,log.server.* + log.moderation.*,log.moderation.ban.enabled,PASS,correctly sent nothing
2026-09-01T06:30:00.977647574Z,33477071838,2.3.1,1.16.5,log.server.* + log.moderation.*,log.moderation.unban.enabled,PASS,correctly sent nothing
2026-09-01T06:30:00.977663918Z,33477071838,2.3.1,1.16.5,log.server.* + log.moderation.*,log.moderation.op.enabled,PASS,correctly sent nothing
2026-09-01T06:30:00.977679822Z,33477071838,2.3.1,1.16.5,log.server.* + log.moderation.*,log.moderation.deop.enabled,PASS,correctly sent nothing
2026-09-01T06:30:00.977690878Z,33477071838,2.3.1,1.16.5,log.server.* + log.moderation.*,log.moderation.whitelist_toggle.enabled,PASS,correctly sent nothing
2026-09-01T06:30:00.977701033Z,33477071838,2.3.1,1.16.5,log.server.* + log.moderation.*,log.moderation.whitelist_edit.enabled,PASS,correctly sent nothing
2026-09-01T06:30:00.977724929Z,33477071838,2.3.1,1.16.5,log.server.* + log.moderation.*,log.server.command.enabled,PASS,no wording to compare
2026-09-01T06:30:00.977738489Z,33477071838,2.3.1,1.16.5,log.server.* + log.moderation.*,log.server.explosion.enabled,PASS,no wording to compare
2026-09-01T06:30:00.977754062Z,33477071838,2.3.1,1.16.5,log.server.* + log.moderation.*,log.moderation.ban.enabled,PASS,no wording to compare
2026-09-01T06:30:00.977768674Z,33477071838,2.3.1,1.16.5,log.server.* + log.moderation.*,log.moderation.unban.enabled,PASS,no wording to compare
2026-09-01T06:30:00.977782835Z,33477071838,2.3.1,1.16.5,log.server.* + log.moderation.*,log.moderation.op.enabled,PASS,no wording to compare
2026-09-01T06:30:00.977796475Z,33477071838,2.3.1,1.16.5,log.server.* + log.moderation.*,log.moderation.deop.enabled,PASS,no wording to compare
2026-09-01T06:30:00.977810706Z,33477071838,2.3.1,1.16.5,log.server.* + log.moderation.*,log.moderation.whitelist_toggle.enabled,PASS,no wording to compare
2026-09-01T06:30:00.977825077Z,33477071838,2.3.1,1.16.5,log.server.* + log.moderation.*,log.moderation.whitelist_edit.enabled,PASS,no wording to compare
2026-09-01T06:30:00.977840069Z,33477071838,2.3.1,1.16.5,log.server.* + log.moderation.*,log.moderation.kick.enabled,POTENTIAL_ERROR,"a real kick needs a connected client, which this harness cannot provide; both halves of the listener ran without faulting"
2026-09-01T06:30:00.977853449Z,33477071838,2.3.1,1.16.5,log.server.* + log.moderation.*,log.moderation.kick.color,POTENTIAL_ERROR,"a real kick needs a connected client, which this harness cannot provide; both halves of the listener ran without faulting"
2026-09-01T06:30:00.977867440Z,33477071838,2.3.1,1.16.5,log.server.* + log.moderation.*,log.moderation.kick.webhook,POTENTIAL_ERROR,"a real kick needs a connected client, which this harness cannot provide; both halves of the listener ran without faulting"
2026-09-01T06:30:00.977880680Z,33477071838,2.3.1,1.16.5,log.server.* + log.moderation.*,log.server.command.webhook,PASS,routed to its own webhook
2026-09-01T06:30:00.977894340Z,33477071838,2.3.1,1.16.5,log.server.* + log.moderation.*,log.server.explosion.webhook,PASS,routed to its own webhook
2026-09-01T06:30:00.977907319Z,33477071838,2.3.1,1.16.5,log.server.* + log.moderation.*,log.moderation.ban.webhook,PASS,routed to its own webhook
2026-09-01T06:30:00.977921090Z,33477071838,2.3.1,1.16.5,log.server.* + log.moderation.*,log.moderation.unban.webhook,PASS,routed to its own webhook
2026-09-01T06:30:00.977934509Z,33477071838,2.3.1,1.16.5,log.server.* + log.moderation.*,log.moderation.op.webhook,PASS,routed to its own webhook
2026-09-01T06:30:00.977948039Z,33477071838,2.3.1,1.16.5,log.server.* + log.moderation.*,log.moderation.deop.webhook,PASS,routed to its own webhook
2026-09-01T06:30:00.977961129Z,33477071838,2.3.1,1.16.5,log.server.* + log.moderation.*,log.moderation.whitelist_toggle.webhook,PASS,routed to its own webhook
2026-09-01T06:30:00.977972416Z,33477071838,2.3.1,1.16.5,log.server.* + log.moderation.*,log.moderation.whitelist_edit.webhook,PASS,routed to its own webhook
2026-09-01T06:31:29.670087495Z,33477071838,2.3.1,1.16.5,log.server.start/stop,log.server.stop.enabled,PASS,no wording to compare
2026-09-01T06:31:29.670178560Z,33477071838,2.3.1,1.16.5,log.server.start/stop,log.server.stop.color,PASS,no wording to compare
2026-09-01T06:31:29.670195645Z,33477071838,2.3.1,1.16.5,log.server.start/stop,log.server.start.enabled,PASS,no wording to compare
2026-09-01T06:31:29.670206781Z,33477071838,2.3.1,1.16.5,log.server.start/stop,log.server.start.color,PASS,no wording to compare
2026-09-01T06:31:29.670216997Z,33477071838,2.3.1,1.16.5,log.server.start/stop,log.server.stop.webhook,PASS,routed to its own webhook
2026-09-01T06:31:29.670226901Z,33477071838,2.3.1,1.16.5,log.server.start/stop,log.server.start.webhook,PASS,routed to its own webhook
2026-09-01T06:31:29.670236365Z,33477071838,2.3.1,1.16.5,log.server.start/stop,log.server.stop.enabled,PASS,correctly sent nothing
2026-09-01T06:31:29.670246Z,33477071838,2.3.1,1.16.5,log.server.start/stop,log.server.start.enabled,PASS,correctly sent nothing
2026-09-01T06:34:44.138550372Z,33477071838,2.3.1,1.16.5,log.player.*,log.player.join.color,PASS,no wording to compare
2026-09-01T06:34:44.138607767Z,33477071838,2.3.1,1.16.5,log.player.*,log.player.quit.color,PASS,no wording to compare
2026-09-01T06:34:44.138626785Z,33477071838,2.3.1,1.16.5,log.player.*,log.player.chat.color,PASS,no wording to compare
2026-09-01T06:34:44.138669068Z,33477071838,2.3.1,1.16.5,log.player.*,log.player.gamemode.color,PASS,no wording to compare
2026-09-01T06:34:44.138683640Z,33477071838,2.3.1,1.16.5,log.player.*,log.player.teleport.color,PASS,no wording to compare
2026-09-01T06:34:44.138697660Z,33477071838,2.3.1,1.16.5,log.player.*,log.player.death.color,PASS,no wording to compare
2026-09-01T06:34:44.138711230Z,33477071838,2.3.1,1.16.5,log.player.*,log.player.advancement.color,PASS,no wording to compare
2026-09-01T06:34:44.138723999Z,33477071838,2.3.1,1.16.5,log.player.*,log.player.join.enabled,PASS,correctly sent nothing
2026-09-01T06:34:44.138736668Z,33477071838,2.3.1,1.16.5,log.player.*,log.player.quit.enabled,PASS,correctly sent nothing
2026-09-01T06:34:44.138749377Z,33477071838,2.3.1,1.16.5,log.player.*,log.player.chat.enabled,PASS,correctly sent nothing
2026-09-01T06:34:44.138762526Z,33477071838,2.3.1,1.16.5,log.player.*,log.player.gamemode.enabled,PASS,correctly sent nothing
2026-09-01T06:34:44.138775656Z,33477071838,2.3.1,1.16.5,log.player.*,log.player.teleport.enabled,PASS,correctly sent nothing
2026-09-01T06:34:44.138789266Z,33477071838,2.3.1,1.16.5,log.player.*,log.player.death.enabled,PASS,correctly sent nothing
2026-09-01T06:34:44.138803077Z,33477071838,2.3.1,1.16.5,log.player.*,log.player.advancement.enabled,PASS,correctly sent nothing
2026-09-01T06:34:44.138816276Z,33477071838,2.3.1,1.16.5,log.player.*,log.player.join.enabled,PASS,no wording to compare
2026-09-01T06:34:44.138829345Z,33477071838,2.3.1,1.16.5,log.player.*,log.player.quit.enabled,PASS,no wording to compare
2026-09-01T06:34:44.138842305Z,33477071838,2.3.1,1.16.5,log.player.*,log.player.chat.enabled,PASS,no wording to compare
2026-09-01T06:34:44.138855274Z,33477071838,2.3.1,1.16.5,log.player.*,log.player.gamemode.enabled,PASS,no wording to compare
2026-09-01T06:34:44.138868143Z,33477071838,2.3.1,1.16.5,log.player.*,log.player.teleport.enabled,PASS,no wording to compare
2026-09-01T06:34:44.138881092Z,33477071838,2.3.1,1.16.5,log.player.*,log.player.death.enabled,PASS,no wording to compare
2026-09-01T06:34:44.138894121Z,33477071838,2.3.1,1.16.5,log.player.*,log.player.advancement.enabled,PASS,no wording to compare
2026-09-01T06:34:44.138907061Z,33477071838,2.3.1,1.16.5,log.player.*,log.player.join.webhook,PASS,routed to its own webhook
2026-09-01T06:34:44.138920601Z,33477071838,2.3.1,1.16.5,log.player.*,log.player.quit.webhook,PASS,routed to its own webhook
2026-09-01T06:34:44.138933390Z,33477071838,2.3.1,1.16.5,log.player.*,log.player.chat.webhook,PASS,routed to its own webhook
2026-09-01T06:34:44.138946269Z,33477071838,2.3.1,1.16.5,log.player.*,log.player.gamemode.webhook,PASS,routed to its own webhook
2026-09-01T06:34:44.138959218Z,33477071838,2.3.1,1.16.5,log.player.*,log.player.teleport.webhook,PASS,routed to its own webhook
2026-09-01T06:34:44.138971767Z,33477071838,2.3.1,1.16.5,log.player.*,log.player.death.webhook,PASS,routed to its own webhook
2026-09-01T06:34:44.138984746Z,33477071838,2.3.1,1.16.5,log.player.*,log.player.advancement.webhook,PASS,routed to its own webhook
2026-09-01T06:25:15.918191361Z,33477071838,2.3.1,1.8,filters.* + format.* + embeds.*,log.custom,PASS,no wording to compare
2026-09-01T06:25:15.918359919Z,33477071838,2.3.1,1.8,filters.* + format.* + embeds.*,log.player.death.show_coords,PASS,no wording to compare
2026-09-01T06:25:15.918375131Z,33477071838,2.3.1,1.8,filters.* + format.* + embeds.*,log.player.death.show_coords,PASS,left the location out when switched off
2026-09-01T06:25:15.918405957Z,33477071838,2.3.1,1.8,filters.* + format.* + embeds.*,embeds.author,PASS,no wording to compare
2026-09-01T06:25:15.918420328Z,33477071838,2.3.1,1.8,filters.* + format.* + embeds.*,embeds.enabled,PASS,no wording to compare
2026-09-01T06:25:15.918432556Z,33477071838,2.3.1,1.8,filters.* + format.* + embeds.*,embeds.enabled,PASS,switched to plain text
2026-09-01T06:25:15.918443001Z,33477071838,2.3.1,1.8,filters.* + format.* + embeds.*,filters.exempt_permission,PASS,suppressed the event it was set to suppress
2026-09-01T06:25:15.918453597Z,33477071838,2.3.1,1.8,filters.* + format.* + embeds.*,format.name,PASS,no wording to compare
2026-09-01T06:25:15.918463842Z,33477071838,2.3.1,1.8,filters.* + format.* + embeds.*,format.nicknames,PASS,no wording to compare
2026-09-01T06:25:15.918474418Z,33477071838,2.3.1,1.8,filters.* + format.* + embeds.*,format.nicknames,PASS,used the real name when switched off
2026-09-01T06:25:15.918485294Z,33477071838,2.3.1,1.8,filters.* + format.* + embeds.*,format.placeholders,POTENTIAL_ERROR,a placeholder typed in chat did not survive as written; expansion of player-supplied text would be a leak
2026-09-01T06:25:15.918496140Z,33477071838,2.3.1,1.8,filters.* + format.* + embeds.*,format.time,PASS,no wording to compare
2026-09-01T06:25:15.918506205Z,33477071838,2.3.1,1.8,filters.* + format.* + embeds.*,filters.ignored_advancements,PASS,suppressed the event it was set to suppress
2026-09-01T06:25:15.918516079Z,33477071838,2.3.1,1.8,filters.* + format.* + embeds.*,filters.ignored_chat_containing,PASS,suppressed the event it was set to suppress
2026-09-01T06:25:15.918526314Z,33477071838,2.3.1,1.8,filters.* + format.* + embeds.*,filters.ignored_commands,PASS,suppressed the event it was set to suppress
2026-09-01T06:25:15.918560424Z,33477071838,2.3.1,1.8,filters.* + format.* + embeds.*,filters.ignored_death_causes,PASS,suppressed the event it was set to suppress
2026-09-01T06:25:15.918580825Z,33477071838,2.3.1,1.8,filters.* + format.* + embeds.*,filters.ignored_explosion_sources,PASS,suppressed the event it was set to suppress
2026-09-01T06:25:15.918593283Z,33477071838,2.3.1,1.8,filters.* + format.* + embeds.*,filters.ignored_players,PASS,suppressed the event it was set to suppress
2026-09-01T06:25:15.918603478Z,33477071838,2.3.1,1.8,filters.* + format.* + embeds.*,filters.ignored_teleport_causes,PASS,suppressed the event it was set to suppress
2026-09-01T06:25:15.918613332Z,33477071838,2.3.1,1.8,filters.* + format.* + embeds.*,filters.ignored_worlds,PASS,suppressed the event it was set to suppress
2026-09-01T06:25:15.918623678Z,33477071838,2.3.1,1.8,filters.* + format.* + embeds.*,log.player.join.show_platform,PASS,logged a Java join cleanly; the Bedrock flag itself needs Floodgate and is not driveable here
2026-09-01T06:25:15.918634293Z,33477071838,2.3.1,1.8,filters.* + format.* + embeds.*,filters.minimum_chat_length,PASS,suppressed the event it was set to suppress
2026-09-01T06:25:15.918652690Z,33477071838,2.3.1,1.8,filters.* + format.* + embeds.*,filters.minimum_explosion_blocks,PASS,suppressed the event it was set to suppress
2026-09-01T06:25:15.918664708Z,33477071838,2.3.1,1.8,filters.* + format.* + embeds.*,filters.minimum_teleport_distance,PASS,suppressed the event it was set to suppress
2026-09-01T06:25:15.918674723Z,33477071838,2.3.1,1.8,filters.* + format.* + embeds.*,filters.only_log_commands,PASS,suppressed the event it was set to suppress
2026-09-01T06:25:15.918684417Z,33477071838,2.3.1,1.8,filters.* + format.* + embeds.*,filters.respect_vanish,PASS,suppressed the event it was set to suppress
2026-09-01T06:25:15.918693901Z,33477071838,2.3.1,1.8,filters.* + format.* + embeds.*,webhook.url,PASS,every event followed the main webhook when it changed
2026-09-01T06:33:52.678044818Z,33477071838,2.3.1,1.8,log.server.* + log.moderation.*,log.server.command.color,PASS,no wording to compare
2026-09-01T06:33:52.678094902Z,33477071838,2.3.1,1.8,log.server.* + log.moderation.*,log.server.explosion.color,PASS,no wording to compare
2026-09-01T06:33:52.678108131Z,33477071838,2.3.1,1.8,log.server.* + log.moderation.*,log.moderation.ban.color,PASS,no wording to compare
2026-09-01T06:33:52.678118216Z,33477071838,2.3.1,1.8,log.server.* + log.moderation.*,log.moderation.unban.color,PASS,no wording to compare
2026-09-01T06:33:52.678129122Z,33477071838,2.3.1,1.8,log.server.* + log.moderation.*,log.moderation.op.color,WRONG,"sent nothing --- last server output --- [06:26:00 INFO]: [DiscordLogger] [06:26:00, 01:09:2026] Explosion: Source: Wither | World: world | Location: world (-252, 66, 252) | Blocks Affected: 0 | Yield: 0.00 | Players Nearby: None [06:26:00 INFO]: [DiscordLogger] [06:26:00, 01:09:2026] Explosion: Sou…"
2026-09-01T06:33:52.678139668Z,33477071838,2.3.1,1.8,log.server.* + log.moderation.*,log.moderation.deop.color,WRONG,"sent nothing --- last server output --- [06:26:00 INFO]: DiscordLogger configuration reloaded (9 ms). [06:26:00 INFO]: [DiscordLogger] [06:26:00, 01:09:2026] Server Command: CONSOLE ran: /pardon Player1 [06:26:00 INFO]: Could not unban player Player1 [06:26:04 INFO]: [DiscordLogger] [06:26:04, 01:0…"
2026-09-01T06:33:52.678149672Z,33477071838,2.3.1,1.8,log.server.* + log.moderation.*,log.moderation.whitelist_toggle.color,PASS,no wording to compare
2026-09-01T06:33:52.678158576Z,33477071838,2.3.1,1.8,log.server.* + log.moderation.*,log.moderation.whitelist_edit.color,WRONG,"sent nothing --- last server output --- [06:26:08 INFO]: [DiscordLogger] Log filters active: 5 rule(s). [06:26:08 INFO]: DiscordLogger configuration reloaded (6 ms). [06:26:10 INFO]: [DiscordLogger] [06:26:10, 01:09:2026] Server Command: CONSOLE ran: /deop Player1 [06:26:10 INFO]: Could not de-op P…"
2026-09-01T06:33:52.678168540Z,33477071838,2.3.1,1.8,log.server.* + log.moderation.*,log.server.command.enabled,PASS,correctly sent nothing
2026-09-01T06:33:52.678177483Z,33477071838,2.3.1,1.8,log.server.* + log.moderation.*,log.server.explosion.enabled,PASS,correctly sent nothing
2026-09-01T06:33:52.678186026Z,33477071838,2.3.1,1.8,log.server.* + log.moderation.*,log.moderation.ban.enabled,PASS,correctly sent nothing
2026-09-01T06:33:52.678194208Z,33477071838,2.3.1,1.8,log.server.* + log.moderation.*,log.moderation.unban.enabled,PASS,correctly sent nothing
2026-09-01T06:33:52.678201999Z,33477071838,2.3.1,1.8,log.server.* + log.moderation.*,log.moderation.op.enabled,PASS,correctly sent nothing
2026-09-01T06:33:52.678209911Z,33477071838,2.3.1,1.8,log.server.* + log.moderation.*,log.moderation.deop.enabled,PASS,correctly sent nothing
2026-09-01T06:33:52.678219585Z,33477071838,2.3.1,1.8,log.server.* + log.moderation.*,log.moderation.whitelist_toggle.enabled,PASS,correctly sent nothing
2026-09-01T06:33:52.678227757Z,33477071838,2.3.1,1.8,log.server.* + log.moderation.*,log.moderation.whitelist_edit.enabled,PASS,correctly sent nothing
2026-09-01T06:33:52.678235829Z,33477071838,2.3.1,1.8,log.server.* + log.moderation.*,log.server.command.enabled,PASS,no wording to compare
2026-09-01T06:33:52.678254517Z,33477071838,2.3.1,1.8,log.server.* + log.moderation.*,log.server.explosion.enabled,PASS,no wording to compare
2026-09-01T06:33:52.678262408Z,33477071838,2.3.1,1.8,log.server.* + log.moderation.*,log.moderation.ban.enabled,PASS,no wording to compare
2026-09-01T06:33:52.678270250Z,33477071838,2.3.1,1.8,log.server.* + log.moderation.*,log.moderation.unban.enabled,PASS,no wording to compare
2026-09-01T06:33:52.678278111Z,33477071838,2.3.1,1.8,log.server.* + log.moderation.*,log.moderation.op.enabled,WRONG,"sent nothing --- last server output --- [06:29:44 INFO]: [DiscordLogger] [06:29:44, 01:09:2026] Explosion: Source: Wither | World: world | Location: world (-252, 66, 252) | Blocks Affected: 0 | Yield: 0.00 | Players Nearby: None [06:29:44 INFO]: [DiscordLogger] [06:29:44, 01:09:2026] Explosion: Sou…"
2026-09-01T06:33:52.678287065Z,33477071838,2.3.1,1.8,log.server.* + log.moderation.*,log.moderation.deop.enabled,WRONG,"sent nothing --- last server output --- [06:29:45 INFO]: DiscordLogger configuration reloaded (6 ms). [06:29:45 INFO]: [DiscordLogger] [06:29:45, 01:09:2026] Server Command: CONSOLE ran: /pardon Player1 [06:29:45 INFO]: Could not unban player Player1 [06:29:48 INFO]: [DiscordLogger] [06:29:48, 01:0…"
2026-09-01T06:33:52.678296739Z,33477071838,2.3.1,1.8,log.server.* + log.moderation.*,log.moderation.whitelist_toggle.enabled,PASS,no wording to compare
2026-09-01T06:33:52.678304971Z,33477071838,2.3.1,1.8,log.server.* + log.moderation.*,log.moderation.whitelist_edit.enabled,WRONG,"sent nothing --- last server output --- [06:29:53 INFO]: DiscordLogger configuration reloaded (5 ms). [06:29:54 INFO]: [DiscordLogger] [06:29:54, 01:09:2026] Server Command: CONSOLE ran: /deop Player1 [06:29:54 INFO]: Could not de-op Player1 [06:29:58 INFO]: [DiscordLogger] [06:29:58, 01:09:2026] S…"
2026-09-01T06:33:52.678314335Z,33477071838,2.3.1,1.8,log.server.* + log.moderation.*,log.moderation.kick.enabled,POTENTIAL_ERROR,"a real kick needs a connected client, which this harness cannot provide; both halves of the listener ran without faulting"
2026-09-01T06:33:52.678322617Z,33477071838,2.3.1,1.8,log.server.* + log.moderation.*,log.moderation.kick.color,POTENTIAL_ERROR,"a real kick needs a connected client, which this harness cannot provide; both halves of the listener ran without faulting"
2026-09-01T06:33:52.678330468Z,33477071838,2.3.1,1.8,log.server.* + log.moderation.*,log.moderation.kick.webhook,POTENTIAL_ERROR,"a real kick needs a connected client, which this harness cannot provide; both halves of the listener ran without faulting"
2026-09-01T06:33:52.678338200Z,33477071838,2.3.1,1.8,log.server.* + log.moderation.*,log.server.command.webhook,PASS,routed to its own webhook
2026-09-01T06:33:52.678346162Z,33477071838,2.3.1,1.8,log.server.* + log.moderation.*,log.server.explosion.webhook,PASS,routed to its own webhook
2026-09-01T06:33:52.678353843Z,33477071838,2.3.1,1.8,log.server.* + log.moderation.*,log.moderation.ban.webhook,PASS,routed to its own webhook
2026-09-01T06:33:52.678361624Z,33477071838,2.3.1,1.8,log.server.* + log.moderation.*,log.moderation.unban.webhook,PASS,routed to its own webhook
2026-09-01T06:33:52.678369356Z,33477071838,2.3.1,1.8,log.server.* + log.moderation.*,log.moderation.op.webhook,WRONG,sent nothing --- last server output --- [06:31:55 INFO]: DRIVER-OK explosion [06:31:55 INFO]: [DiscordLoggerDriver] DRIVER-OK explosion [06:31:55 INFO]: [DiscordLogger] Log filters active: 5 rule(s). [06:31:55 INFO]: [DiscordLogger] Per-event webhook routing active for 2 categories. [06:31:55 INFO]…
2026-09-01T06:33:52.678377828Z,33477071838,2.3.1,1.8,log.server.* + log.moderation.*,log.moderation.deop.webhook,WRONG,"sent nothing --- last server output --- [06:31:58 INFO]: [DiscordLogger] [06:31:58, 01:09:2026] Server Command: CONSOLE ran: /ban Player1 [06:31:58 INFO]: Banned player Player1 [06:31:58 INFO]: [DiscordLogger] [06:31:58, 01:09:2026] Player Banned: Player Name: Player1 | Ban Reason (if provided): N/…"
2026-09-01T06:33:52.678386851Z,33477071838,2.3.1,1.8,log.server.* + log.moderation.*,log.moderation.whitelist_toggle.webhook,PASS,routed to its own webhook
2026-09-01T06:33:52.678394903Z,33477071838,2.3.1,1.8,log.server.* + log.moderation.*,log.moderation.whitelist_edit.webhook,WRONG,"sent nothing --- last server output --- [06:32:08 INFO]: [DiscordLogger] [06:32:08, 01:09:2026] Server Command: CONSOLE ran: /op Player1 [06:32:08 INFO]: Opped Player1 [06:32:38 INFO]: [DiscordLogger] Log filters active: 5 rule(s). [06:32:38 INFO]: [DiscordLogger] Per-event webhook routing active f…"
2026-09-01T06:34:49.777540580Z,33477071838,2.3.1,1.8,log.server.start/stop,log.server.stop.enabled,PASS,no wording to compare
2026-09-01T06:34:49.777599897Z,33477071838,2.3.1,1.8,log.server.start/stop,log.server.stop.color,PASS,no wording to compare
2026-09-01T06:34:49.777631874Z,33477071838,2.3.1,1.8,log.server.start/stop,log.server.start.enabled,PASS,no wording to compare
2026-09-01T06:34:49.777642570Z,33477071838,2.3.1,1.8,log.server.start/stop,log.server.start.color,PASS,no wording to compare
2026-09-01T06:34:49.777650882Z,33477071838,2.3.1,1.8,log.server.start/stop,log.server.stop.webhook,PASS,routed to its own webhook
2026-09-01T06:34:49.777658824Z,33477071838,2.3.1,1.8,log.server.start/stop,log.server.start.webhook,PASS,routed to its own webhook
2026-09-01T06:34:49.777666605Z,33477071838,2.3.1,1.8,log.server.start/stop,log.server.stop.enabled,PASS,correctly sent nothing
2026-09-01T06:34:49.777674858Z,33477071838,2.3.1,1.8,log.server.start/stop,log.server.start.enabled,PASS,correctly sent nothing
2026-09-01T06:37:51.941443696Z,33477071838,2.3.1,1.8,log.player.*,log.player.join.color,PASS,no wording to compare
2026-09-01T06:37:51.941494941Z,33477071838,2.3.1,1.8,log.player.*,log.player.quit.color,PASS,no wording to compare
2026-09-01T06:37:51.941506729Z,33477071838,2.3.1,1.8,log.player.*,log.player.chat.color,PASS,no wording to compare
2026-09-01T06:37:51.941516583Z,33477071838,2.3.1,1.8,log.player.*,log.player.gamemode.color,PASS,no wording to compare
2026-09-01T06:37:51.941544735Z,33477071838,2.3.1,1.8,log.player.*,log.player.teleport.color,PASS,no wording to compare
2026-09-01T06:37:51.941557564Z,33477071838,2.3.1,1.8,log.player.*,log.player.death.color,PASS,no wording to compare
2026-09-01T06:37:51.941568139Z,33477071838,2.3.1,1.8,log.player.*,log.player.advancement.color,PASS,no wording to compare
2026-09-01T06:37:51.941578214Z,33477071838,2.3.1,1.8,log.player.*,log.player.join.enabled,PASS,correctly sent nothing
2026-09-01T06:37:51.941587407Z,33477071838,2.3.1,1.8,log.player.*,log.player.quit.enabled,PASS,correctly sent nothing
2026-09-01T06:37:51.941597292Z,33477071838,2.3.1,1.8,log.player.*,log.player.chat.enabled,PASS,correctly sent nothing
2026-09-01T06:37:51.941606986Z,33477071838,2.3.1,1.8,log.player.*,log.player.gamemode.enabled,PASS,correctly sent nothing
2026-09-01T06:37:51.941616600Z,33477071838,2.3.1,1.8,log.player.*,log.player.teleport.enabled,PASS,correctly sent nothing
2026-09-01T06:37:51.941626855Z,33477071838,2.3.1,1.8,log.player.*,log.player.death.enabled,PASS,correctly sent nothing
2026-09-01T06:37:51.941638142Z,33477071838,2.3.1,1.8,log.player.*,log.player.advancement.enabled,PASS,correctly sent nothing
2026-09-01T06:37:51.941648417Z,33477071838,2.3.1,1.8,log.player.*,log.player.join.enabled,PASS,no wording to compare
2026-09-01T06:37:51.941658462Z,33477071838,2.3.1,1.8,log.player.*,log.player.quit.enabled,PASS,no wording to compare
2026-09-01T06:37:51.941668477Z,33477071838,2.3.1,1.8,log.player.*,log.player.chat.enabled,PASS,no wording to compare
2026-09-01T06:37:51.941677720Z,33477071838,2.3.1,1.8,log.player.*,log.player.gamemode.enabled,PASS,no wording to compare
2026-09-01T06:37:51.941686944Z,33477071838,2.3.1,1.8,log.player.*,log.player.teleport.enabled,PASS,no wording to compare
2026-09-01T06:37:51.941696208Z,33477071838,2.3.1,1.8,log.player.*,log.player.death.enabled,PASS,no wording to compare
2026-09-01T06:37:51.941704830Z,33477071838,2.3.1,1.8,log.player.*,log.player.advancement.enabled,PASS,no wording to compare
2026-09-01T06:37:51.941716077Z,33477071838,2.3.1,1.8,log.player.*,log.player.join.webhook,PASS,routed to its own webhook
2026-09-01T06:37:51.941735185Z,33477071838,2.3.1,1.8,log.player.*,log.player.quit.webhook,PASS,routed to its own webhook
2026-09-01T06:37:51.941745831Z,33477071838,2.3.1,1.8,log.player.*,log.player.chat.webhook,PASS,routed to its own webhook
2026-09-01T06:37:51.941755485Z,33477071838,2.3.1,1.8,log.player.*,log.player.gamemode.webhook,PASS,routed to its own webhook
2026-09-01T06:37:51.941765299Z,33477071838,2.3.1,1.8,log.player.*,log.player.teleport.webhook,PASS,routed to its own webhook
2026-09-01T06:37:51.941774813Z,33477071838,2.3.1,1.8,log.player.*,log.player.death.webhook,PASS,routed to its own webhook
2026-09-01T06:37:51.941784357Z,33477071838,2.3.1,1.8,log.player.*,log.player.advancement.webhook,PASS,routed to its own webhook
2026-09-01T06:25:41.006252412Z,33477071838,2.3.1,1.8.8,filters.* + format.* + embeds.*,log.custom,PASS,no wording to compare
2026-09-01T06:25:41.006430177Z,33477071838,2.3.1,1.8.8,filters.* + format.* + embeds.*,log.player.death.show_coords,PASS,no wording to compare
2026-09-01T06:25:41.006442350Z,33477071838,2.3.1,1.8.8,filters.* + format.* + embeds.*,log.player.death.show_coords,PASS,left the location out when switched off
2026-09-01T06:25:41.006465790Z,33477071838,2.3.1,1.8.8,filters.* + format.* + embeds.*,embeds.author,PASS,no wording to compare
2026-09-01T06:25:41.006474200Z,33477071838,2.3.1,1.8.8,filters.* + format.* + embeds.*,embeds.enabled,PASS,no wording to compare
2026-09-01T06:25:41.006481506Z,33477071838,2.3.1,1.8.8,filters.* + format.* + embeds.*,embeds.enabled,PASS,switched to plain text
2026-09-01T06:25:41.006488860Z,33477071838,2.3.1,1.8.8,filters.* + format.* + embeds.*,filters.exempt_permission,PASS,suppressed the event it was set to suppress
2026-09-01T06:25:41.006496009Z,33477071838,2.3.1,1.8.8,filters.* + format.* + embeds.*,format.name,PASS,no wording to compare
2026-09-01T06:25:41.006502857Z,33477071838,2.3.1,1.8.8,filters.* + format.* + embeds.*,format.nicknames,PASS,no wording to compare
2026-09-01T06:25:41.006509341Z,33477071838,2.3.1,1.8.8,filters.* + format.* + embeds.*,format.nicknames,PASS,used the real name when switched off
2026-09-01T06:25:41.006516290Z,33477071838,2.3.1,1.8.8,filters.* + format.* + embeds.*,format.placeholders,POTENTIAL_ERROR,a placeholder typed in chat did not survive as written; expansion of player-supplied text would be a leak
2026-09-01T06:25:41.006523844Z,33477071838,2.3.1,1.8.8,filters.* + format.* + embeds.*,format.time,PASS,no wording to compare
2026-09-01T06:25:41.006530626Z,33477071838,2.3.1,1.8.8,filters.* + format.* + embeds.*,filters.ignored_advancements,PASS,suppressed the event it was set to suppress
2026-09-01T06:25:41.006544627Z,33477071838,2.3.1,1.8.8,filters.* + format.* + embeds.*,filters.ignored_chat_containing,PASS,suppressed the event it was set to suppress
2026-09-01T06:25:41.006551787Z,33477071838,2.3.1,1.8.8,filters.* + format.* + embeds.*,filters.ignored_commands,PASS,suppressed the event it was set to suppress
2026-09-01T06:25:41.006558382Z,33477071838,2.3.1,1.8.8,filters.* + format.* + embeds.*,filters.ignored_death_causes,PASS,suppressed the event it was set to suppress
2026-09-01T06:25:41.006564984Z,33477071838,2.3.1,1.8.8,filters.* + format.* + embeds.*,filters.ignored_explosion_sources,PASS,suppressed the event it was set to suppress
2026-09-01T06:25:41.006571442Z,33477071838,2.3.1,1.8.8,filters.* + format.* + embeds.*,filters.ignored_players,PASS,suppressed the event it was set to suppress
2026-09-01T06:25:41.006578021Z,33477071838,2.3.1,1.8.8,filters.* + format.* + embeds.*,filters.ignored_teleport_causes,PASS,suppressed the event it was set to suppress
2026-09-01T06:25:41.006591491Z,33477071838,2.3.1,1.8.8,filters.* + format.* + embeds.*,filters.ignored_worlds,PASS,suppressed the event it was set to suppress
2026-09-01T06:25:41.006598605Z,33477071838,2.3.1,1.8.8,filters.* + format.* + embeds.*,log.player.join.show_platform,PASS,logged a Java join cleanly; the Bedrock flag itself needs Floodgate and is not driveable here
2026-09-01T06:25:41.006606001Z,33477071838,2.3.1,1.8.8,filters.* + format.* + embeds.*,filters.minimum_chat_length,PASS,suppressed the event it was set to suppress
2026-09-01T06:25:41.006624273Z,33477071838,2.3.1,1.8.8,filters.* + format.* + embeds.*,filters.minimum_explosion_blocks,PASS,suppressed the event it was set to suppress
2026-09-01T06:25:41.006631475Z,33477071838,2.3.1,1.8.8,filters.* + format.* + embeds.*,filters.minimum_teleport_distance,PASS,suppressed the event it was set to suppress
2026-09-01T06:25:41.006638082Z,33477071838,2.3.1,1.8.8,filters.* + format.* + embeds.*,filters.only_log_commands,PASS,suppressed the event it was set to suppress
2026-09-01T06:25:41.006644388Z,33477071838,2.3.1,1.8.8,filters.* + format.* + embeds.*,filters.respect_vanish,PASS,suppressed the event it was set to suppress
2026-09-01T06:25:41.006650616Z,33477071838,2.3.1,1.8.8,filters.* + format.* + embeds.*,webhook.url,PASS,every event followed the main webhook when it changed
2026-09-01T06:34:21.018874107Z,33477071838,2.3.1,1.8.8,log.server.* + log.moderation.*,log.server.command.color,PASS,no wording to compare
2026-09-01T06:34:21.018927535Z,33477071838,2.3.1,1.8.8,log.server.* + log.moderation.*,log.server.explosion.color,PASS,no wording to compare
2026-09-01T06:34:21.018936275Z,33477071838,2.3.1,1.8.8,log.server.* + log.moderation.*,log.moderation.ban.color,PASS,no wording to compare
2026-09-01T06:34:21.018943147Z,33477071838,2.3.1,1.8.8,log.server.* + log.moderation.*,log.moderation.unban.color,PASS,no wording to compare
2026-09-01T06:34:21.018950673Z,33477071838,2.3.1,1.8.8,log.server.* + log.moderation.*,log.moderation.op.color,WRONG,"sent nothing --- last server output --- [06:26:28 INFO]: [DiscordLogger] [06:26:28, 01:09:2026] Explosion: Source: Wither | World: world | Location: world (-252, 66, 252) | Blocks Affected: 0 | Yield: 0.00 | Players Nearby: None [06:26:28 INFO]: [DiscordLogger] [06:26:28, 01:09:2026] Explosion: Sou…"
2026-09-01T06:34:21.018958782Z,33477071838,2.3.1,1.8.8,log.server.* + log.moderation.*,log.moderation.deop.color,WRONG,"sent nothing --- last server output --- [06:26:28 INFO]: DiscordLogger configuration reloaded (7 ms). [06:26:28 INFO]: [DiscordLogger] [06:26:28, 01:09:2026] Server Command: CONSOLE ran: /pardon Player1 [06:26:28 INFO]: Could not unban player Player1 [06:26:32 INFO]: [DiscordLogger] [06:26:32, 01:0…"
2026-09-01T06:34:21.018965344Z,33477071838,2.3.1,1.8.8,log.server.* + log.moderation.*,log.moderation.whitelist_toggle.color,PASS,no wording to compare
2026-09-01T06:34:21.018970982Z,33477071838,2.3.1,1.8.8,log.server.* + log.moderation.*,log.moderation.whitelist_edit.color,WRONG,"sent nothing --- last server output --- [06:26:37 INFO]: [DiscordLogger] Log filters active: 5 rule(s). [06:26:37 INFO]: DiscordLogger configuration reloaded (6 ms). [06:26:38 INFO]: [DiscordLogger] [06:26:38, 01:09:2026] Server Command: CONSOLE ran: /deop Player1 [06:26:38 INFO]: Could not de-op P…"
2026-09-01T06:34:21.018978522Z,33477071838,2.3.1,1.8.8,log.server.* + log.moderation.*,log.server.command.enabled,PASS,correctly sent nothing
2026-09-01T06:34:21.018983887Z,33477071838,2.3.1,1.8.8,log.server.* + log.moderation.*,log.server.explosion.enabled,PASS,correctly sent nothing
2026-09-01T06:34:21.018988986Z,33477071838,2.3.1,1.8.8,log.server.* + log.moderation.*,log.moderation.ban.enabled,PASS,correctly sent nothing
2026-09-01T06:34:21.018994067Z,33477071838,2.3.1,1.8.8,log.server.* + log.moderation.*,log.moderation.unban.enabled,PASS,correctly sent nothing
2026-09-01T06:34:21.018998980Z,33477071838,2.3.1,1.8.8,log.server.* + log.moderation.*,log.moderation.op.enabled,PASS,correctly sent nothing
2026-09-01T06:34:21.019004331Z,33477071838,2.3.1,1.8.8,log.server.* + log.moderation.*,log.moderation.deop.enabled,PASS,correctly sent nothing
2026-09-01T06:34:21.019010186Z,33477071838,2.3.1,1.8.8,log.server.* + log.moderation.*,log.moderation.whitelist_toggle.enabled,PASS,correctly sent nothing
2026-09-01T06:34:21.019015336Z,33477071838,2.3.1,1.8.8,log.server.* + log.moderation.*,log.moderation.whitelist_edit.enabled,PASS,correctly sent nothing
2026-09-01T06:34:21.019020760Z,33477071838,2.3.1,1.8.8,log.server.* + log.moderation.*,log.server.command.enabled,PASS,no wording to compare
2026-09-01T06:34:21.019039877Z,33477071838,2.3.1,1.8.8,log.server.* + log.moderation.*,log.server.explosion.enabled,PASS,no wording to compare
2026-09-01T06:34:21.019045821Z,33477071838,2.3.1,1.8.8,log.server.* + log.moderation.*,log.moderation.ban.enabled,PASS,no wording to compare
2026-09-01T06:34:21.019051128Z,33477071838,2.3.1,1.8.8,log.server.* + log.moderation.*,log.moderation.unban.enabled,PASS,no wording to compare
2026-09-01T06:34:21.019056509Z,33477071838,2.3.1,1.8.8,log.server.* + log.moderation.*,log.moderation.op.enabled,WRONG,"sent nothing --- last server output --- [06:30:13 INFO]: [DiscordLogger] [06:30:13, 01:09:2026] Explosion: Source: Wither | World: world | Location: world (-252, 66, 252) | Blocks Affected: 0 | Yield: 0.00 | Players Nearby: None [06:30:13 INFO]: [DiscordLogger] [06:30:13, 01:09:2026] Explosion: Sou…"
2026-09-01T06:34:21.019063468Z,33477071838,2.3.1,1.8.8,log.server.* + log.moderation.*,log.moderation.deop.enabled,WRONG,"sent nothing --- last server output --- [06:30:13 INFO]: DiscordLogger configuration reloaded (5 ms). [06:30:13 INFO]: [DiscordLogger] [06:30:13, 01:09:2026] Server Command: CONSOLE ran: /pardon Player1 [06:30:13 INFO]: Could not unban player Player1 [06:30:16 INFO]: [DiscordLogger] [06:30:16, 01:0…"
2026-09-01T06:34:21.019076201Z,33477071838,2.3.1,1.8.8,log.server.* + log.moderation.*,log.moderation.whitelist_toggle.enabled,PASS,no wording to compare
2026-09-01T06:34:21.019082865Z,33477071838,2.3.1,1.8.8,log.server.* + log.moderation.*,log.moderation.whitelist_edit.enabled,WRONG,"sent nothing --- last server output --- [06:30:21 INFO]: DiscordLogger configuration reloaded (5 ms). [06:30:22 INFO]: [DiscordLogger] [06:30:22, 01:09:2026] Server Command: CONSOLE ran: /deop Player1 [06:30:22 INFO]: Could not de-op Player1 [06:30:26 INFO]: [DiscordLogger] [06:30:26, 01:09:2026] S…"
2026-09-01T06:34:21.019089156Z,33477071838,2.3.1,1.8.8,log.server.* + log.moderation.*,log.moderation.kick.enabled,POTENTIAL_ERROR,"a real kick needs a connected client, which this harness cannot provide; both halves of the listener ran without faulting"
2026-09-01T06:34:21.019095172Z,33477071838,2.3.1,1.8.8,log.server.* + log.moderation.*,log.moderation.kick.color,POTENTIAL_ERROR,"a real kick needs a connected client, which this harness cannot provide; both halves of the listener ran without faulting"
2026-09-01T06:34:21.019100579Z,33477071838,2.3.1,1.8.8,log.server.* + log.moderation.*,log.moderation.kick.webhook,POTENTIAL_ERROR,"a real kick needs a connected client, which this harness cannot provide; both halves of the listener ran without faulting"
2026-09-01T06:34:21.019105800Z,33477071838,2.3.1,1.8.8,log.server.* + log.moderation.*,log.server.command.webhook,PASS,routed to its own webhook
2026-09-01T06:34:21.019111264Z,33477071838,2.3.1,1.8.8,log.server.* + log.moderation.*,log.server.explosion.webhook,PASS,routed to its own webhook
2026-09-01T06:34:21.019116450Z,33477071838,2.3.1,1.8.8,log.server.* + log.moderation.*,log.moderation.ban.webhook,PASS,routed to its own webhook
2026-09-01T06:34:21.019121336Z,33477071838,2.3.1,1.8.8,log.server.* + log.moderation.*,log.moderation.unban.webhook,PASS,routed to its own webhook
2026-09-01T06:34:21.019126216Z,33477071838,2.3.1,1.8.8,log.server.* + log.moderation.*,log.moderation.op.webhook,WRONG,sent nothing --- last server output --- [06:32:23 INFO]: DRIVER-OK explosion [06:32:23 INFO]: [DiscordLoggerDriver] DRIVER-OK explosion [06:32:23 INFO]: [DiscordLogger] Log filters active: 5 rule(s). [06:32:23 INFO]: [DiscordLogger] Per-event webhook routing active for 2 categories. [06:32:23 INFO]…
2026-09-01T06:34:21.019133057Z,33477071838,2.3.1,1.8.8,log.server.* + log.moderation.*,log.moderation.deop.webhook,WRONG,"sent nothing --- last server output --- [06:32:27 INFO]: [DiscordLogger] [06:32:27, 01:09:2026] Server Command: CONSOLE ran: /ban Player1 [06:32:27 INFO]: Banned player Player1 [06:32:27 INFO]: [DiscordLogger] [06:32:27, 01:09:2026] Player Banned: Player Name: Player1 | Ban Reason (if provided): N/…"
2026-09-01T06:34:21.019139213Z,33477071838,2.3.1,1.8.8,log.server.* + log.moderation.*,log.moderation.whitelist_toggle.webhook,PASS,routed to its own webhook
2026-09-01T06:34:21.019144627Z,33477071838,2.3.1,1.8.8,log.server.* + log.moderation.*,log.moderation.whitelist_edit.webhook,WRONG,"sent nothing --- last server output --- [06:32:36 INFO]: [DiscordLogger] [06:32:36, 01:09:2026] Server Command: CONSOLE ran: /op Player1 [06:32:36 INFO]: Opped Player1 [06:33:06 INFO]: [DiscordLogger] Log filters active: 5 rule(s). [06:33:06 INFO]: [DiscordLogger] Per-event webhook routing active f…"
2026-09-01T06:35:15.352236536Z,33477071838,2.3.1,1.8.8,log.server.start/stop,log.server.stop.enabled,PASS,no wording to compare
2026-09-01T06:35:15.352308996Z,33477071838,2.3.1,1.8.8,log.server.start/stop,log.server.stop.color,PASS,no wording to compare
2026-09-01T06:35:15.352344619Z,33477071838,2.3.1,1.8.8,log.server.start/stop,log.server.start.enabled,PASS,no wording to compare
2026-09-01T06:35:15.352354219Z,33477071838,2.3.1,1.8.8,log.server.start/stop,log.server.start.color,PASS,no wording to compare
2026-09-01T06:35:15.352362225Z,33477071838,2.3.1,1.8.8,log.server.start/stop,log.server.stop.webhook,PASS,routed to its own webhook
2026-09-01T06:35:15.352370515Z,33477071838,2.3.1,1.8.8,log.server.start/stop,log.server.start.webhook,PASS,routed to its own webhook
2026-09-01T06:35:15.352378675Z,33477071838,2.3.1,1.8.8,log.server.start/stop,log.server.stop.enabled,PASS,correctly sent nothing
2026-09-01T06:35:15.352395355Z,33477071838,2.3.1,1.8.8,log.server.start/stop,log.server.start.enabled,PASS,correctly sent nothing
2026-09-01T06:38:18.224978478Z,33477071838,2.3.1,1.8.8,log.player.*,log.player.join.color,PASS,no wording to compare
2026-09-01T06:38:18.225046398Z,33477071838,2.3.1,1.8.8,log.player.*,log.player.quit.color,PASS,no wording to compare
2026-09-01T06:38:18.225058456Z,33477071838,2.3.1,1.8.8,log.player.*,log.player.chat.color,PASS,no wording to compare
2026-09-01T06:38:18.225068518Z,33477071838,2.3.1,1.8.8,log.player.*,log.player.gamemode.color,PASS,no wording to compare
2026-09-01T06:38:18.225087725Z,33477071838,2.3.1,1.8.8,log.player.*,log.player.teleport.color,PASS,no wording to compare
2026-09-01T06:38:18.225096198Z,33477071838,2.3.1,1.8.8,log.player.*,log.player.death.color,PASS,no wording to compare
2026-09-01T06:38:18.225104382Z,33477071838,2.3.1,1.8.8,log.player.*,log.player.advancement.color,PASS,no wording to compare
2026-09-01T06:38:18.225111514Z,33477071838,2.3.1,1.8.8,log.player.*,log.player.join.enabled,PASS,correctly sent nothing
2026-09-01T06:38:18.225118730Z,33477071838,2.3.1,1.8.8,log.player.*,log.player.quit.enabled,PASS,correctly sent nothing
2026-09-01T06:38:18.225125856Z,33477071838,2.3.1,1.8.8,log.player.*,log.player.chat.enabled,PASS,correctly sent nothing
2026-09-01T06:38:18.225132976Z,33477071838,2.3.1,1.8.8,log.player.*,log.player.gamemode.enabled,PASS,correctly sent nothing
2026-09-01T06:38:18.225139522Z,33477071838,2.3.1,1.8.8,log.player.*,log.player.teleport.enabled,PASS,correctly sent nothing
2026-09-01T06:38:18.225146777Z,33477071838,2.3.1,1.8.8,log.player.*,log.player.death.enabled,PASS,correctly sent nothing
2026-09-01T06:38:18.225153887Z,33477071838,2.3.1,1.8.8,log.player.*,log.player.advancement.enabled,PASS,correctly sent nothing
2026-09-01T06:38:18.225161027Z,33477071838,2.3.1,1.8.8,log.player.*,log.player.join.enabled,PASS,no wording to compare
2026-09-01T06:38:18.225167765Z,33477071838,2.3.1,1.8.8,log.player.*,log.player.quit.enabled,PASS,no wording to compare
2026-09-01T06:38:18.225174485Z,33477071838,2.3.1,1.8.8,log.player.*,log.player.chat.enabled,PASS,no wording to compare
2026-09-01T06:38:18.225181254Z,33477071838,2.3.1,1.8.8,log.player.*,log.player.gamemode.enabled,PASS,no wording to compare
2026-09-01T06:38:18.225188701Z,33477071838,2.3.1,1.8.8,log.player.*,log.player.teleport.enabled,PASS,no wording to compare
2026-09-01T06:38:18.225195845Z,33477071838,2.3.1,1.8.8,log.player.*,log.player.death.enabled,PASS,no wording to compare
2026-09-01T06:38:18.225203820Z,33477071838,2.3.1,1.8.8,log.player.*,log.player.advancement.enabled,PASS,no wording to compare
2026-09-01T06:38:18.225213441Z,33477071838,2.3.1,1.8.8,log.player.*,log.player.join.webhook,PASS,routed to its own webhook
2026-09-01T06:38:18.225220527Z,33477071838,2.3.1,1.8.8,log.player.*,log.player.quit.webhook,PASS,routed to its own webhook
2026-09-01T06:38:18.225226997Z,33477071838,2.3.1,1.8.8,log.player.*,log.player.chat.webhook,PASS,routed to its own webhook
2026-09-01T06:38:18.225232810Z,33477071838,2.3.1,1.8.8,log.player.*,log.player.gamemode.webhook,PASS,routed to its own webhook
2026-09-01T06:38:18.225238973Z,33477071838,2.3.1,1.8.8,log.player.*,log.player.teleport.webhook,PASS,routed to its own webhook
2026-09-01T06:38:18.225244911Z,33477071838,2.3.1,1.8.8,log.player.*,log.player.death.webhook,PASS,routed to its own webhook
2026-09-01T06:38:18.225250699Z,33477071838,2.3.1,1.8.8,log.player.*,log.player.advancement.webhook,PASS,routed to its own webhook
2026-09-01T06:25:54.779641279Z,33477071838,2.3.1,26.2,filters.* + format.* + embeds.*,log.custom,PASS,no wording to compare
2026-09-01T06:25:54.779825070Z,33477071838,2.3.1,26.2,filters.* + format.* + embeds.*,log.player.death.show_coords,PASS,no wording to compare
2026-09-01T06:25:54.779840956Z,33477071838,2.3.1,26.2,filters.* + format.* + embeds.*,log.player.death.show_coords,PASS,left the location out when switched off
2026-09-01T06:25:54.779853594Z,33477071838,2.3.1,26.2,filters.* + format.* + embeds.*,embeds.author,PASS,no wording to compare
2026-09-01T06:25:54.779865423Z,33477071838,2.3.1,26.2,filters.* + format.* + embeds.*,embeds.enabled,PASS,no wording to compare
2026-09-01T06:25:54.779895835Z,33477071838,2.3.1,26.2,filters.* + format.* + embeds.*,embeds.enabled,PASS,switched to plain text
2026-09-01T06:25:54.779911879Z,33477071838,2.3.1,26.2,filters.* + format.* + embeds.*,filters.exempt_permission,PASS,suppressed the event it was set to suppress
2026-09-01T06:25:54.779927480Z,33477071838,2.3.1,26.2,filters.* + format.* + embeds.*,format.name,PASS,no wording to compare
2026-09-01T06:25:54.779942351Z,33477071838,2.3.1,26.2,filters.* + format.* + embeds.*,format.nicknames,PASS,no wording to compare
2026-09-01T06:25:54.779957638Z,33477071838,2.3.1,26.2,filters.* + format.* + embeds.*,format.nicknames,PASS,used the real name when switched off
2026-09-01T06:25:54.779973738Z,33477071838,2.3.1,26.2,filters.* + format.* + embeds.*,format.placeholders,POTENTIAL_ERROR,a placeholder typed in chat did not survive as written; expansion of player-supplied text would be a leak
2026-09-01T06:25:54.779990922Z,33477071838,2.3.1,26.2,filters.* + format.* + embeds.*,format.time,PASS,no wording to compare
2026-09-01T06:25:54.780007670Z,33477071838,2.3.1,26.2,filters.* + format.* + embeds.*,filters.ignored_advancements,PASS,suppressed the event it was set to suppress
2026-09-01T06:25:54.780037934Z,33477071838,2.3.1,26.2,filters.* + format.* + embeds.*,filters.ignored_chat_containing,PASS,suppressed the event it was set to suppress
2026-09-01T06:25:54.780054482Z,33477071838,2.3.1,26.2,filters.* + format.* + embeds.*,filters.ignored_commands,PASS,suppressed the event it was set to suppress
2026-09-01T06:25:54.780069286Z,33477071838,2.3.1,26.2,filters.* + format.* + embeds.*,filters.ignored_death_causes,PASS,suppressed the event it was set to suppress
2026-09-01T06:25:54.780084854Z,33477071838,2.3.1,26.2,filters.* + format.* + embeds.*,filters.ignored_explosion_sources,PASS,suppressed the event it was set to suppress
2026-09-01T06:25:54.780099978Z,33477071838,2.3.1,26.2,filters.* + format.* + embeds.*,filters.ignored_players,PASS,suppressed the event it was set to suppress
2026-09-01T06:25:54.780135112Z,33477071838,2.3.1,26.2,filters.* + format.* + embeds.*,filters.ignored_teleport_causes,PASS,suppressed the event it was set to suppress
2026-09-01T06:25:54.780160018Z,33477071838,2.3.1,26.2,filters.* + format.* + embeds.*,filters.ignored_worlds,PASS,suppressed the event it was set to suppress
2026-09-01T06:25:54.780176096Z,33477071838,2.3.1,26.2,filters.* + format.* + embeds.*,log.player.join.show_platform,PASS,logged a Java join cleanly; the Bedrock flag itself needs Floodgate and is not driveable here
2026-09-01T06:25:54.780192893Z,33477071838,2.3.1,26.2,filters.* + format.* + embeds.*,filters.log_recipe_advancements,PASS,suppressed the event it was set to suppress
2026-09-01T06:25:54.780210186Z,33477071838,2.3.1,26.2,filters.* + format.* + embeds.*,filters.minimum_chat_length,PASS,suppressed the event it was set to suppress
2026-09-01T06:25:54.780224561Z,33477071838,2.3.1,26.2,filters.* + format.* + embeds.*,filters.minimum_explosion_blocks,PASS,suppressed the event it was set to suppress
2026-09-01T06:25:54.780239247Z,33477071838,2.3.1,26.2,filters.* + format.* + embeds.*,filters.minimum_teleport_distance,PASS,suppressed the event it was set to suppress
2026-09-01T06:25:54.780254050Z,33477071838,2.3.1,26.2,filters.* + format.* + embeds.*,filters.only_log_commands,PASS,suppressed the event it was set to suppress
2026-09-01T06:25:54.780268852Z,33477071838,2.3.1,26.2,filters.* + format.* + embeds.*,filters.respect_vanish,PASS,suppressed the event it was set to suppress
2026-09-01T06:25:54.780285415Z,33477071838,2.3.1,26.2,filters.* + format.* + embeds.*,webhook.url,PASS,every event followed the main webhook when it changed
2026-09-01T06:30:20.740121576Z,33477071838,2.3.1,26.2,log.server.* + log.moderation.*,log.server.command.color,PASS,no wording to compare
2026-09-01T06:30:20.740175949Z,33477071838,2.3.1,26.2,log.server.* + log.moderation.*,log.server.explosion.color,PASS,no wording to compare
2026-09-01T06:30:20.740193591Z,33477071838,2.3.1,26.2,log.server.* + log.moderation.*,log.moderation.ban.color,PASS,no wording to compare
2026-09-01T06:30:20.740211825Z,33477071838,2.3.1,26.2,log.server.* + log.moderation.*,log.moderation.unban.color,PASS,no wording to compare
2026-09-01T06:30:20.740227302Z,33477071838,2.3.1,26.2,log.server.* + log.moderation.*,log.moderation.op.color,PASS,no wording to compare
2026-09-01T06:30:20.740242224Z,33477071838,2.3.1,26.2,log.server.* + log.moderation.*,log.moderation.deop.color,PASS,no wording to compare
2026-09-01T06:30:20.740256537Z,33477071838,2.3.1,26.2,log.server.* + log.moderation.*,log.moderation.whitelist_toggle.color,PASS,no wording to compare
2026-09-01T06:30:20.740271660Z,33477071838,2.3.1,26.2,log.server.* + log.moderation.*,log.moderation.whitelist_edit.color,PASS,no wording to compare
2026-09-01T06:30:20.740286797Z,33477071838,2.3.1,26.2,log.server.* + log.moderation.*,log.server.command.enabled,PASS,correctly sent nothing
2026-09-01T06:30:20.740301034Z,33477071838,2.3.1,26.2,log.server.* + log.moderation.*,log.server.explosion.enabled,PASS,correctly sent nothing
2026-09-01T06:30:20.740315671Z,33477071838,2.3.1,26.2,log.server.* + log.moderation.*,log.moderation.ban.enabled,PASS,correctly sent nothing
2026-09-01T06:30:20.740370021Z,33477071838,2.3.1,26.2,log.server.* + log.moderation.*,log.moderation.unban.enabled,PASS,correctly sent nothing
2026-09-01T06:30:20.740384724Z,33477071838,2.3.1,26.2,log.server.* + log.moderation.*,log.moderation.op.enabled,PASS,correctly sent nothing
2026-09-01T06:30:20.740400761Z,33477071838,2.3.1,26.2,log.server.* + log.moderation.*,log.moderation.deop.enabled,PASS,correctly sent nothing
2026-09-01T06:30:20.740415045Z,33477071838,2.3.1,26.2,log.server.* + log.moderation.*,log.moderation.whitelist_toggle.enabled,PASS,correctly sent nothing
2026-09-01T06:30:20.740429485Z,33477071838,2.3.1,26.2,log.server.* + log.moderation.*,log.moderation.whitelist_edit.enabled,PASS,correctly sent nothing
2026-09-01T06:30:20.740444908Z,33477071838,2.3.1,26.2,log.server.* + log.moderation.*,log.server.command.enabled,PASS,no wording to compare
2026-09-01T06:30:20.740458979Z,33477071838,2.3.1,26.2,log.server.* + log.moderation.*,log.server.explosion.enabled,PASS,no wording to compare
2026-09-01T06:30:20.740473804Z,33477071838,2.3.1,26.2,log.server.* + log.moderation.*,log.moderation.ban.enabled,PASS,no wording to compare
2026-09-01T06:30:20.740488515Z,33477071838,2.3.1,26.2,log.server.* + log.moderation.*,log.moderation.unban.enabled,PASS,no wording to compare
2026-09-01T06:30:20.740502576Z,33477071838,2.3.1,26.2,log.server.* + log.moderation.*,log.moderation.op.enabled,PASS,no wording to compare
2026-09-01T06:30:20.740517198Z,33477071838,2.3.1,26.2,log.server.* + log.moderation.*,log.moderation.deop.enabled,PASS,no wording to compare
2026-09-01T06:30:20.740532153Z,33477071838,2.3.1,26.2,log.server.* + log.moderation.*,log.moderation.whitelist_toggle.enabled,PASS,no wording to compare
2026-09-01T06:30:20.740546556Z,33477071838,2.3.1,26.2,log.server.* + log.moderation.*,log.moderation.whitelist_edit.enabled,PASS,no wording to compare
2026-09-01T06:30:20.740560937Z,33477071838,2.3.1,26.2,log.server.* + log.moderation.*,log.moderation.kick.enabled,POTENTIAL_ERROR,"a real kick needs a connected client, which this harness cannot provide; both halves of the listener ran without faulting"
2026-09-01T06:30:20.740575774Z,33477071838,2.3.1,26.2,log.server.* + log.moderation.*,log.moderation.kick.color,POTENTIAL_ERROR,"a real kick needs a connected client, which this harness cannot provide; both halves of the listener ran without faulting"
2026-09-01T06:30:20.740590101Z,33477071838,2.3.1,26.2,log.server.* + log.moderation.*,log.moderation.kick.webhook,POTENTIAL_ERROR,"a real kick needs a connected client, which this harness cannot provide; both halves of the listener ran without faulting"
2026-09-01T06:30:20.740604249Z,33477071838,2.3.1,26.2,log.server.* + log.moderation.*,log.server.command.webhook,PASS,routed to its own webhook
2026-09-01T06:30:20.740617677Z,33477071838,2.3.1,26.2,log.server.* + log.moderation.*,log.server.explosion.webhook,PASS,routed to its own webhook
2026-09-01T06:30:20.740631669Z,33477071838,2.3.1,26.2,log.server.* + log.moderation.*,log.moderation.ban.webhook,PASS,routed to its own webhook
2026-09-01T06:30:20.740645527Z,33477071838,2.3.1,26.2,log.server.* + log.moderation.*,log.moderation.unban.webhook,PASS,routed to its own webhook
2026-09-01T06:30:20.740658922Z,33477071838,2.3.1,26.2,log.server.* + log.moderation.*,log.moderation.op.webhook,PASS,routed to its own webhook
2026-09-01T06:30:20.740672851Z,33477071838,2.3.1,26.2,log.server.* + log.moderation.*,log.moderation.deop.webhook,PASS,routed to its own webhook
2026-09-01T06:30:20.740687253Z,33477071838,2.3.1,26.2,log.server.* + log.moderation.*,log.moderation.whitelist_toggle.webhook,PASS,routed to its own webhook
2026-09-01T06:30:20.740704745Z,33477071838,2.3.1,26.2,log.server.* + log.moderation.*,log.moderation.whitelist_edit.webhook,PASS,routed to its own webhook
2026-09-01T06:32:21.438584146Z,33477071838,2.3.1,26.2,log.server.start/stop,log.server.stop.enabled,PASS,no wording to compare
2026-09-01T06:32:21.438651788Z,33477071838,2.3.1,26.2,log.server.start/stop,log.server.stop.color,PASS,no wording to compare
2026-09-01T06:32:21.438672644Z,33477071838,2.3.1,26.2,log.server.start/stop,log.server.start.enabled,PASS,no wording to compare
2026-09-01T06:32:21.438690357Z,33477071838,2.3.1,26.2,log.server.start/stop,log.server.start.color,PASS,no wording to compare
2026-09-01T06:32:21.438707745Z,33477071838,2.3.1,26.2,log.server.start/stop,log.server.stop.webhook,PASS,routed to its own webhook
2026-09-01T06:32:21.438725375Z,33477071838,2.3.1,26.2,log.server.start/stop,log.server.start.webhook,PASS,routed to its own webhook
2026-09-01T06:32:21.438752112Z,33477071838,2.3.1,26.2,log.server.start/stop,log.server.stop.enabled,PASS,correctly sent nothing
2026-09-01T06:32:21.438778784Z,33477071838,2.3.1,26.2,log.server.start/stop,log.server.start.enabled,PASS,correctly sent nothing
2026-09-01T06:35:43.693488032Z,33477071838,2.3.1,26.2,log.player.*,log.player.join.color,PASS,no wording to compare
2026-09-01T06:35:43.693527021Z,33477071838,2.3.1,26.2,log.player.*,log.player.quit.color,PASS,no wording to compare
2026-09-01T06:35:43.693539713Z,33477071838,2.3.1,26.2,log.player.*,log.player.chat.color,PASS,no wording to compare
2026-09-01T06:35:43.693564247Z,33477071838,2.3.1,26.2,log.player.*,log.player.gamemode.color,PASS,no wording to compare
2026-09-01T06:35:43.693577493Z,33477071838,2.3.1,26.2,log.player.*,log.player.teleport.color,PASS,no wording to compare
2026-09-01T06:35:43.693589643Z,33477071838,2.3.1,26.2,log.player.*,log.player.death.color,PASS,no wording to compare
2026-09-01T06:35:43.693602412Z,33477071838,2.3.1,26.2,log.player.*,log.player.advancement.color,PASS,no wording to compare
2026-09-01T06:35:43.693615655Z,33477071838,2.3.1,26.2,log.player.*,log.player.join.enabled,PASS,correctly sent nothing
2026-09-01T06:35:43.693628294Z,33477071838,2.3.1,26.2,log.player.*,log.player.quit.enabled,PASS,correctly sent nothing
2026-09-01T06:35:43.693641261Z,33477071838,2.3.1,26.2,log.player.*,log.player.chat.enabled,PASS,correctly sent nothing
2026-09-01T06:35:43.693654431Z,33477071838,2.3.1,26.2,log.player.*,log.player.gamemode.enabled,PASS,correctly sent nothing
2026-09-01T06:35:43.693667419Z,33477071838,2.3.1,26.2,log.player.*,log.player.teleport.enabled,PASS,correctly sent nothing
2026-09-01T06:35:43.693682952Z,33477071838,2.3.1,26.2,log.player.*,log.player.death.enabled,PASS,correctly sent nothing
2026-09-01T06:35:43.693697172Z,33477071838,2.3.1,26.2,log.player.*,log.player.advancement.enabled,PASS,correctly sent nothing
2026-09-01T06:35:43.693709943Z,33477071838,2.3.1,26.2,log.player.*,log.player.join.enabled,PASS,no wording to compare
2026-09-01T06:35:43.693722100Z,33477071838,2.3.1,26.2,log.player.*,log.player.quit.enabled,PASS,no wording to compare
2026-09-01T06:35:43.693734944Z,33477071838,2.3.1,26.2,log.player.*,log.player.chat.enabled,PASS,no wording to compare
2026-09-01T06:35:43.693746654Z,33477071838,2.3.1,26.2,log.player.*,log.player.gamemode.enabled,PASS,no wording to compare
2026-09-01T06:35:43.693758904Z,33477071838,2.3.1,26.2,log.player.*,log.player.teleport.enabled,PASS,no wording to compare
2026-09-01T06:35:43.693770764Z,33477071838,2.3.1,26.2,log.player.*,log.player.death.enabled,PASS,no wording to compare
2026-09-01T06:35:43.693783733Z,33477071838,2.3.1,26.2,log.player.*,log.player.advancement.enabled,PASS,no wording to compare
2026-09-01T06:35:43.693796441Z,33477071838,2.3.1,26.2,log.player.*,log.player.join.webhook,PASS,routed to its own webhook
2026-09-01T06:35:43.693808169Z,33477071838,2.3.1,26.2,log.player.*,log.player.quit.webhook,PASS,routed to its own webhook
2026-09-01T06:35:43.693833418Z,33477071838,2.3.1,26.2,log.player.*,log.player.chat.webhook,PASS,routed to its own webhook
2026-09-01T06:35:43.693846780Z,33477071838,2.3.1,26.2,log.player.*,log.player.gamemode.webhook,PASS,routed to its own webhook
2026-09-01T06:35:43.693859508Z,33477071838,2.3.1,26.2,log.player.*,log.player.teleport.webhook,PASS,routed to its own webhook
2026-09-01T06:35:43.693872721Z,33477071838,2.3.1,26.2,log.player.*,log.player.death.webhook,PASS,routed to its own webhook
2026-09-01T06:35:43.693886097Z,33477071838,2.3.1,26.2,log.player.*,log.player.advancement.webhook,PASS,routed to its own webhook
2026-09-01T06:48:50.676072511Z,33478738254,2.3.1,1.12.2,filters.* + format.* + embeds.*,log.custom,PASS,no wording to compare
2026-09-01T06:48:50.676267044Z,33478738254,2.3.1,1.12.2,filters.* + format.* + embeds.*,log.player.death.show_coords,PASS,no wording to compare
2026-09-01T06:48:50.676288654Z,33478738254,2.3.1,1.12.2,filters.* + format.* + embeds.*,log.player.death.show_coords,PASS,left the location out when switched off
2026-09-01T06:48:50.676335762Z,33478738254,2.3.1,1.12.2,filters.* + format.* + embeds.*,embeds.author,PASS,no wording to compare
2026-09-01T06:48:50.676357493Z,33478738254,2.3.1,1.12.2,filters.* + format.* + embeds.*,embeds.enabled,PASS,no wording to compare
2026-09-01T06:48:50.676396095Z,33478738254,2.3.1,1.12.2,filters.* + format.* + embeds.*,embeds.enabled,PASS,switched to plain text
2026-09-01T06:48:50.676411373Z,33478738254,2.3.1,1.12.2,filters.* + format.* + embeds.*,filters.exempt_permission,PASS,suppressed the event it was set to suppress
2026-09-01T06:48:50.676425790Z,33478738254,2.3.1,1.12.2,filters.* + format.* + embeds.*,format.name,PASS,no wording to compare
2026-09-01T06:48:50.676439415Z,33478738254,2.3.1,1.12.2,filters.* + format.* + embeds.*,format.nicknames,PASS,no wording to compare
2026-09-01T06:48:50.676452600Z,33478738254,2.3.1,1.12.2,filters.* + format.* + embeds.*,format.nicknames,PASS,used the real name when switched off
2026-09-01T06:48:50.676466827Z,33478738254,2.3.1,1.12.2,filters.* + format.* + embeds.*,format.placeholders,POTENTIAL_ERROR,a placeholder typed in chat did not survive as written; expansion of player-supplied text would be a leak
2026-09-01T06:48:50.676480813Z,33478738254,2.3.1,1.12.2,filters.* + format.* + embeds.*,format.time,PASS,no wording to compare
2026-09-01T06:48:50.676494629Z,33478738254,2.3.1,1.12.2,filters.* + format.* + embeds.*,filters.ignored_advancements,PASS,suppressed the event it was set to suppress
2026-09-01T06:48:50.676515297Z,33478738254,2.3.1,1.12.2,filters.* + format.* + embeds.*,filters.ignored_chat_containing,PASS,suppressed the event it was set to suppress
2026-09-01T06:48:50.676528963Z,33478738254,2.3.1,1.12.2,filters.* + format.* + embeds.*,filters.ignored_commands,PASS,suppressed the event it was set to suppress
2026-09-01T06:48:50.676542227Z,33478738254,2.3.1,1.12.2,filters.* + format.* + embeds.*,filters.ignored_death_causes,PASS,suppressed the event it was set to suppress
2026-09-01T06:48:50.676555422Z,33478738254,2.3.1,1.12.2,filters.* + format.* + embeds.*,filters.ignored_explosion_sources,PASS,suppressed the event it was set to suppress
2026-09-01T06:48:50.676568817Z,33478738254,2.3.1,1.12.2,filters.* + format.* + embeds.*,filters.ignored_players,PASS,suppressed the event it was set to suppress
2026-09-01T06:48:50.676594164Z,33478738254,2.3.1,1.12.2,filters.* + format.* + embeds.*,filters.ignored_teleport_causes,PASS,suppressed the event it was set to suppress
2026-09-01T06:48:50.676619241Z,33478738254,2.3.1,1.12.2,filters.* + format.* + embeds.*,filters.ignored_worlds,PASS,suppressed the event it was set to suppress
2026-09-01T06:48:50.676632827Z,33478738254,2.3.1,1.12.2,filters.* + format.* + embeds.*,log.player.join.show_platform,PASS,logged a Java join cleanly; the Bedrock flag itself needs Floodgate and is not driveable here
2026-09-01T06:48:50.676646732Z,33478738254,2.3.1,1.12.2,filters.* + format.* + embeds.*,filters.log_recipe_advancements,PASS,suppressed the event it was set to suppress
2026-09-01T06:48:50.676659686Z,33478738254,2.3.1,1.12.2,filters.* + format.* + embeds.*,filters.minimum_chat_length,PASS,suppressed the event it was set to suppress
2026-09-01T06:48:50.676672621Z,33478738254,2.3.1,1.12.2,filters.* + format.* + embeds.*,filters.minimum_explosion_blocks,PASS,suppressed the event it was set to suppress
2026-09-01T06:48:50.676685344Z,33478738254,2.3.1,1.12.2,filters.* + format.* + embeds.*,filters.minimum_teleport_distance,PASS,suppressed the event it was set to suppress
2026-09-01T06:48:50.676698359Z,33478738254,2.3.1,1.12.2,filters.* + format.* + embeds.*,filters.only_log_commands,PASS,suppressed the event it was set to suppress
2026-09-01T06:48:50.676710612Z,33478738254,2.3.1,1.12.2,filters.* + format.* + embeds.*,filters.respect_vanish,PASS,suppressed the event it was set to suppress
2026-09-01T06:48:50.676722604Z,33478738254,2.3.1,1.12.2,filters.* + format.* + embeds.*,webhook.url,PASS,every event followed the main webhook when it changed
2026-09-01T06:48:56.206548193Z,33478738254,2.3.1,1.16.5,filters.* + format.* + embeds.*,log.custom,PASS,no wording to compare
2026-09-01T06:48:56.206752106Z,33478738254,2.3.1,1.16.5,filters.* + format.* + embeds.*,log.player.death.show_coords,PASS,no wording to compare
2026-09-01T06:48:56.206772606Z,33478738254,2.3.1,1.16.5,filters.* + format.* + embeds.*,log.player.death.show_coords,PASS,left the location out when switched off
2026-09-01T06:48:56.206788600Z,33478738254,2.3.1,1.16.5,filters.* + format.* + embeds.*,embeds.author,PASS,no wording to compare
2026-09-01T06:48:56.206803041Z,33478738254,2.3.1,1.16.5,filters.* + format.* + embeds.*,embeds.enabled,PASS,no wording to compare
2026-09-01T06:48:56.206836711Z,33478738254,2.3.1,1.16.5,filters.* + format.* + embeds.*,embeds.enabled,PASS,switched to plain text
2026-09-01T06:48:56.206853656Z,33478738254,2.3.1,1.16.5,filters.* + format.* + embeds.*,filters.exempt_permission,PASS,suppressed the event it was set to suppress
2026-09-01T06:48:56.206869460Z,33478738254,2.3.1,1.16.5,filters.* + format.* + embeds.*,format.name,PASS,no wording to compare
2026-09-01T06:48:56.206886014Z,33478738254,2.3.1,1.16.5,filters.* + format.* + embeds.*,format.nicknames,PASS,no wording to compare
2026-09-01T06:48:56.206902549Z,33478738254,2.3.1,1.16.5,filters.* + format.* + embeds.*,format.nicknames,PASS,used the real name when switched off
2026-09-01T06:48:56.206919534Z,33478738254,2.3.1,1.16.5,filters.* + format.* + embeds.*,format.placeholders,POTENTIAL_ERROR,a placeholder typed in chat did not survive as written; expansion of player-supplied text would be a leak
2026-09-01T06:48:56.206935768Z,33478738254,2.3.1,1.16.5,filters.* + format.* + embeds.*,format.time,PASS,no wording to compare
2026-09-01T06:48:56.206952222Z,33478738254,2.3.1,1.16.5,filters.* + format.* + embeds.*,filters.ignored_advancements,PASS,suppressed the event it was set to suppress
2026-09-01T06:48:56.206978732Z,33478738254,2.3.1,1.16.5,filters.* + format.* + embeds.*,filters.ignored_chat_containing,PASS,suppressed the event it was set to suppress
2026-09-01T06:48:56.206995567Z,33478738254,2.3.1,1.16.5,filters.* + format.* + embeds.*,filters.ignored_commands,PASS,suppressed the event it was set to suppress
2026-09-01T06:48:56.207011610Z,33478738254,2.3.1,1.16.5,filters.* + format.* + embeds.*,filters.ignored_death_causes,PASS,suppressed the event it was set to suppress
2026-09-01T06:48:56.207028345Z,33478738254,2.3.1,1.16.5,filters.* + format.* + embeds.*,filters.ignored_explosion_sources,PASS,suppressed the event it was set to suppress
2026-09-01T06:48:56.207064739Z,33478738254,2.3.1,1.16.5,filters.* + format.* + embeds.*,filters.ignored_players,PASS,suppressed the event it was set to suppress
2026-09-01T06:48:56.207080603Z,33478738254,2.3.1,1.16.5,filters.* + format.* + embeds.*,filters.ignored_teleport_causes,PASS,suppressed the event it was set to suppress
2026-09-01T06:48:56.207126150Z,33478738254,2.3.1,1.16.5,filters.* + format.* + embeds.*,filters.ignored_worlds,PASS,suppressed the event it was set to suppress
2026-09-01T06:48:56.207142394Z,33478738254,2.3.1,1.16.5,filters.* + format.* + embeds.*,log.player.join.show_platform,PASS,logged a Java join cleanly; the Bedrock flag itself needs Floodgate and is not driveable here
2026-09-01T06:48:56.207159289Z,33478738254,2.3.1,1.16.5,filters.* + format.* + embeds.*,filters.log_recipe_advancements,PASS,suppressed the event it was set to suppress
2026-09-01T06:48:56.207174762Z,33478738254,2.3.1,1.16.5,filters.* + format.* + embeds.*,filters.minimum_chat_length,PASS,suppressed the event it was set to suppress
2026-09-01T06:48:56.207190576Z,33478738254,2.3.1,1.16.5,filters.* + format.* + embeds.*,filters.minimum_explosion_blocks,PASS,suppressed the event it was set to suppress
2026-09-01T06:48:56.207205888Z,33478738254,2.3.1,1.16.5,filters.* + format.* + embeds.*,filters.minimum_teleport_distance,PASS,suppressed the event it was set to suppress
2026-09-01T06:48:56.207220099Z,33478738254,2.3.1,1.16.5,filters.* + format.* + embeds.*,filters.only_log_commands,PASS,suppressed the event it was set to suppress
2026-09-01T06:48:56.207238437Z,33478738254,2.3.1,1.16.5,filters.* + format.* + embeds.*,filters.respect_vanish,PASS,suppressed the event it was set to suppress
2026-09-01T06:48:56.207253138Z,33478738254,2.3.1,1.16.5,filters.* + format.* + embeds.*,webhook.url,PASS,every event followed the main webhook when it changed
2026-09-01T06:48:29.820769710Z,33478738254,2.3.1,1.8,filters.* + format.* + embeds.*,log.custom,PASS,no wording to compare
2026-09-01T06:48:29.820959915Z,33478738254,2.3.1,1.8,filters.* + format.* + embeds.*,log.player.death.show_coords,PASS,no wording to compare
2026-09-01T06:48:29.820974824Z,33478738254,2.3.1,1.8,filters.* + format.* + embeds.*,log.player.death.show_coords,PASS,left the location out when switched off
2026-09-01T06:48:29.821001017Z,33478738254,2.3.1,1.8,filters.* + format.* + embeds.*,embeds.author,PASS,no wording to compare
2026-09-01T06:48:29.821011603Z,33478738254,2.3.1,1.8,filters.* + format.* + embeds.*,embeds.enabled,PASS,no wording to compare
2026-09-01T06:48:29.821020501Z,33478738254,2.3.1,1.8,filters.* + format.* + embeds.*,embeds.enabled,PASS,switched to plain text
2026-09-01T06:48:29.821028786Z,33478738254,2.3.1,1.8,filters.* + format.* + embeds.*,filters.exempt_permission,PASS,suppressed the event it was set to suppress
2026-09-01T06:48:29.821036577Z,33478738254,2.3.1,1.8,filters.* + format.* + embeds.*,format.name,PASS,no wording to compare
2026-09-01T06:48:29.821044205Z,33478738254,2.3.1,1.8,filters.* + format.* + embeds.*,format.nicknames,PASS,no wording to compare
2026-09-01T06:48:29.821051591Z,33478738254,2.3.1,1.8,filters.* + format.* + embeds.*,format.nicknames,PASS,used the real name when switched off
2026-09-01T06:48:29.821059289Z,33478738254,2.3.1,1.8,filters.* + format.* + embeds.*,format.placeholders,POTENTIAL_ERROR,a placeholder typed in chat did not survive as written; expansion of player-supplied text would be a leak
2026-09-01T06:48:29.821067434Z,33478738254,2.3.1,1.8,filters.* + format.* + embeds.*,format.time,PASS,no wording to compare
2026-09-01T06:48:29.821074997Z,33478738254,2.3.1,1.8,filters.* + format.* + embeds.*,filters.ignored_advancements,PASS,suppressed the event it was set to suppress
2026-09-01T06:48:29.821082392Z,33478738254,2.3.1,1.8,filters.* + format.* + embeds.*,filters.ignored_chat_containing,PASS,suppressed the event it was set to suppress
2026-09-01T06:48:29.821089780Z,33478738254,2.3.1,1.8,filters.* + format.* + embeds.*,filters.ignored_commands,PASS,suppressed the event it was set to suppress
2026-09-01T06:48:29.821097488Z,33478738254,2.3.1,1.8,filters.* + format.* + embeds.*,filters.ignored_death_causes,PASS,suppressed the event it was set to suppress
2026-09-01T06:48:29.821112411Z,33478738254,2.3.1,1.8,filters.* + format.* + embeds.*,filters.ignored_explosion_sources,PASS,suppressed the event it was set to suppress
2026-09-01T06:48:29.821120336Z,33478738254,2.3.1,1.8,filters.* + format.* + embeds.*,filters.ignored_players,PASS,suppressed the event it was set to suppress
2026-09-01T06:48:29.821127907Z,33478738254,2.3.1,1.8,filters.* + format.* + embeds.*,filters.ignored_teleport_causes,PASS,suppressed the event it was set to suppress
2026-09-01T06:48:29.821135208Z,33478738254,2.3.1,1.8,filters.* + format.* + embeds.*,filters.ignored_worlds,PASS,suppressed the event it was set to suppress
2026-09-01T06:48:29.821142662Z,33478738254,2.3.1,1.8,filters.* + format.* + embeds.*,log.player.join.show_platform,PASS,logged a Java join cleanly; the Bedrock flag itself needs Floodgate and is not driveable here
2026-09-01T06:48:29.821151013Z,33478738254,2.3.1,1.8,filters.* + format.* + embeds.*,filters.minimum_chat_length,PASS,suppressed the event it was set to suppress
2026-09-01T06:48:29.821164313Z,33478738254,2.3.1,1.8,filters.* + format.* + embeds.*,filters.minimum_explosion_blocks,PASS,suppressed the event it was set to suppress
2026-09-01T06:48:29.821171954Z,33478738254,2.3.1,1.8,filters.* + format.* + embeds.*,filters.minimum_teleport_distance,PASS,suppressed the event it was set to suppress
2026-09-01T06:48:29.821179398Z,33478738254,2.3.1,1.8,filters.* + format.* + embeds.*,filters.only_log_commands,PASS,suppressed the event it was set to suppress
2026-09-01T06:48:29.821186785Z,33478738254,2.3.1,1.8,filters.* + format.* + embeds.*,filters.respect_vanish,PASS,suppressed the event it was set to suppress
2026-09-01T06:48:29.821193937Z,33478738254,2.3.1,1.8,filters.* + format.* + embeds.*,webhook.url,PASS,every event followed the main webhook when it changed
2026-09-01T06:48:32.223073694Z,33478738254,2.3.1,1.8.8,filters.* + format.* + embeds.*,log.custom,PASS,no wording to compare
2026-09-01T06:48:32.223349269Z,33478738254,2.3.1,1.8.8,filters.* + format.* + embeds.*,log.player.death.show_coords,PASS,no wording to compare
2026-09-01T06:48:32.223377673Z,33478738254,2.3.1,1.8.8,filters.* + format.* + embeds.*,log.player.death.show_coords,PASS,left the location out when switched off
2026-09-01T06:48:32.223419511Z,33478738254,2.3.1,1.8.8,filters.* + format.* + embeds.*,embeds.author,PASS,no wording to compare
2026-09-01T06:48:32.223440029Z,33478738254,2.3.1,1.8.8,filters.* + format.* + embeds.*,embeds.enabled,PASS,no wording to compare
2026-09-01T06:48:32.223459586Z,33478738254,2.3.1,1.8.8,filters.* + format.* + embeds.*,embeds.enabled,PASS,switched to plain text
2026-09-01T06:48:32.223479212Z,33478738254,2.3.1,1.8.8,filters.* + format.* + embeds.*,filters.exempt_permission,PASS,suppressed the event it was set to suppress
2026-09-01T06:48:32.223497777Z,33478738254,2.3.1,1.8.8,filters.* + format.* + embeds.*,format.name,PASS,no wording to compare
2026-09-01T06:48:32.223516692Z,33478738254,2.3.1,1.8.8,filters.* + format.* + embeds.*,format.nicknames,PASS,no wording to compare
2026-09-01T06:48:32.223535968Z,33478738254,2.3.1,1.8.8,filters.* + format.* + embeds.*,format.nicknames,PASS,used the real name when switched off
2026-09-01T06:48:32.223561846Z,33478738254,2.3.1,1.8.8,filters.* + format.* + embeds.*,format.placeholders,POTENTIAL_ERROR,a placeholder typed in chat did not survive as written; expansion of player-supplied text would be a leak
2026-09-01T06:48:32.223584248Z,33478738254,2.3.1,1.8.8,filters.* + format.* + embeds.*,format.time,PASS,no wording to compare
2026-09-01T06:48:32.223624313Z,33478738254,2.3.1,1.8.8,filters.* + format.* + embeds.*,filters.ignored_advancements,PASS,suppressed the event it was set to suppress
2026-09-01T06:48:32.223655922Z,33478738254,2.3.1,1.8.8,filters.* + format.* + embeds.*,filters.ignored_chat_containing,PASS,suppressed the event it was set to suppress
2026-09-01T06:48:32.223676110Z,33478738254,2.3.1,1.8.8,filters.* + format.* + embeds.*,filters.ignored_commands,PASS,suppressed the event it was set to suppress
2026-09-01T06:48:32.223695086Z,33478738254,2.3.1,1.8.8,filters.* + format.* + embeds.*,filters.ignored_death_causes,PASS,suppressed the event it was set to suppress
2026-09-01T06:48:32.223713750Z,33478738254,2.3.1,1.8.8,filters.* + format.* + embeds.*,filters.ignored_explosion_sources,PASS,suppressed the event it was set to suppress
2026-09-01T06:48:32.223733527Z,33478738254,2.3.1,1.8.8,filters.* + format.* + embeds.*,filters.ignored_players,PASS,suppressed the event it was set to suppress
2026-09-01T06:48:32.223752122Z,33478738254,2.3.1,1.8.8,filters.* + format.* + embeds.*,filters.ignored_teleport_causes,PASS,suppressed the event it was set to suppress
2026-09-01T06:48:32.223780726Z,33478738254,2.3.1,1.8.8,filters.* + format.* + embeds.*,filters.ignored_worlds,PASS,suppressed the event it was set to suppress
2026-09-01T06:48:32.223799881Z,33478738254,2.3.1,1.8.8,filters.* + format.* + embeds.*,log.player.join.show_platform,PASS,logged a Java join cleanly; the Bedrock flag itself needs Floodgate and is not driveable here
2026-09-01T06:48:32.223819408Z,33478738254,2.3.1,1.8.8,filters.* + format.* + embeds.*,filters.minimum_chat_length,PASS,suppressed the event it was set to suppress
2026-09-01T06:48:32.223842541Z,33478738254,2.3.1,1.8.8,filters.* + format.* + embeds.*,filters.minimum_explosion_blocks,PASS,suppressed the event it was set to suppress
2026-09-01T06:48:32.223860705Z,33478738254,2.3.1,1.8.8,filters.* + format.* + embeds.*,filters.minimum_teleport_distance,PASS,suppressed the event it was set to suppress
2026-09-01T06:48:32.223879771Z,33478738254,2.3.1,1.8.8,filters.* + format.* + embeds.*,filters.only_log_commands,PASS,suppressed the event it was set to suppress
2026-09-01T06:48:32.223898495Z,33478738254,2.3.1,1.8.8,filters.* + format.* + embeds.*,filters.respect_vanish,PASS,suppressed the event it was set to suppress
2026-09-01T06:48:32.223917100Z,33478738254,2.3.1,1.8.8,filters.* + format.* + embeds.*,webhook.url,PASS,every event followed the main webhook when it changed
2026-09-01T06:49:00.045369693Z,33478738254,2.3.1,26.2,filters.* + format.* + embeds.*,log.custom,PASS,no wording to compare
2026-09-01T06:49:00.045529604Z,33478738254,2.3.1,26.2,filters.* + format.* + embeds.*,log.player.death.show_coords,PASS,no wording to compare
2026-09-01T06:49:00.045543723Z,33478738254,2.3.1,26.2,filters.* + format.* + embeds.*,log.player.death.show_coords,PASS,left the location out when switched off
2026-09-01T06:49:00.045554294Z,33478738254,2.3.1,26.2,filters.* + format.* + embeds.*,embeds.author,PASS,no wording to compare
2026-09-01T06:49:00.045563345Z,33478738254,2.3.1,26.2,filters.* + format.* + embeds.*,embeds.enabled,PASS,no wording to compare
2026-09-01T06:49:00.045590018Z,33478738254,2.3.1,26.2,filters.* + format.* + embeds.*,embeds.enabled,PASS,switched to plain text
2026-09-01T06:49:00.045612008Z,33478738254,2.3.1,26.2,filters.* + format.* + embeds.*,filters.exempt_permission,PASS,suppressed the event it was set to suppress
2026-09-01T06:49:00.045619691Z,33478738254,2.3.1,26.2,filters.* + format.* + embeds.*,format.name,PASS,no wording to compare
2026-09-01T06:49:00.045627523Z,33478738254,2.3.1,26.2,filters.* + format.* + embeds.*,format.nicknames,PASS,no wording to compare
2026-09-01T06:49:00.045634870Z,33478738254,2.3.1,26.2,filters.* + format.* + embeds.*,format.nicknames,PASS,used the real name when switched off
2026-09-01T06:49:00.045642923Z,33478738254,2.3.1,26.2,filters.* + format.* + embeds.*,format.placeholders,POTENTIAL_ERROR,a placeholder typed in chat did not survive as written; expansion of player-supplied text would be a leak
2026-09-01T06:49:00.045651164Z,33478738254,2.3.1,26.2,filters.* + format.* + embeds.*,format.time,PASS,no wording to compare
2026-09-01T06:49:00.045658663Z,33478738254,2.3.1,26.2,filters.* + format.* + embeds.*,filters.ignored_advancements,PASS,suppressed the event it was set to suppress
2026-09-01T06:49:00.045675686Z,33478738254,2.3.1,26.2,filters.* + format.* + embeds.*,filters.ignored_chat_containing,PASS,suppressed the event it was set to suppress
2026-09-01T06:49:00.045693594Z,33478738254,2.3.1,26.2,filters.* + format.* + embeds.*,filters.ignored_commands,PASS,suppressed the event it was set to suppress
2026-09-01T06:49:00.045701123Z,33478738254,2.3.1,26.2,filters.* + format.* + embeds.*,filters.ignored_death_causes,PASS,suppressed the event it was set to suppress
2026-09-01T06:49:00.045708365Z,33478738254,2.3.1,26.2,filters.* + format.* + embeds.*,filters.ignored_explosion_sources,PASS,suppressed the event it was set to suppress
2026-09-01T06:49:00.045728504Z,33478738254,2.3.1,26.2,filters.* + format.* + embeds.*,filters.ignored_players,PASS,suppressed the event it was set to suppress
2026-09-01T06:49:00.045736951Z,33478738254,2.3.1,26.2,filters.* + format.* + embeds.*,filters.ignored_teleport_causes,PASS,suppressed the event it was set to suppress
2026-09-01T06:49:00.045768309Z,33478738254,2.3.1,26.2,filters.* + format.* + embeds.*,filters.ignored_worlds,PASS,suppressed the event it was set to suppress
2026-09-01T06:49:00.045776487Z,33478738254,2.3.1,26.2,filters.* + format.* + embeds.*,log.player.join.show_platform,PASS,logged a Java join cleanly; the Bedrock flag itself needs Floodgate and is not driveable here
2026-09-01T06:49:00.045787942Z,33478738254,2.3.1,26.2,filters.* + format.* + embeds.*,filters.log_recipe_advancements,PASS,suppressed the event it was set to suppress
2026-09-01T06:49:00.045795597Z,33478738254,2.3.1,26.2,filters.* + format.* + embeds.*,filters.minimum_chat_length,PASS,suppressed the event it was set to suppress
2026-09-01T06:49:00.045801960Z,33478738254,2.3.1,26.2,filters.* + format.* + embeds.*,filters.minimum_explosion_blocks,PASS,suppressed the event it was set to suppress
2026-09-01T06:49:00.045808161Z,33478738254,2.3.1,26.2,filters.* + format.* + embeds.*,filters.minimum_teleport_distance,PASS,suppressed the event it was set to suppress
2026-09-01T06:49:00.045814408Z,33478738254,2.3.1,26.2,filters.* + format.* + embeds.*,filters.only_log_commands,PASS,suppressed the event it was set to suppress
2026-09-01T06:49:00.045820234Z,33478738254,2.3.1,26.2,filters.* + format.* + embeds.*,filters.respect_vanish,PASS,suppressed the event it was set to suppress
2026-09-01T06:49:00.045826037Z,33478738254,2.3.1,26.2,filters.* + format.* + embeds.*,webhook.url,PASS,every event followed the main webhook when it changed
2026-09-01T06:59:51.287113009Z,33479539475,2.3.1,1.12.2,filters.* + format.* + embeds.*,log.custom,PASS,no wording to compare
2026-09-01T06:59:51.287386779Z,33479539475,2.3.1,1.12.2,filters.* + format.* + embeds.*,log.player.death.show_coords,PASS,no wording to compare
2026-09-01T06:59:51.287407428Z,33479539475,2.3.1,1.12.2,filters.* + format.* + embeds.*,log.player.death.show_coords,PASS,left the location out when switched off
2026-09-01T06:59:51.287423327Z,33479539475,2.3.1,1.12.2,filters.* + format.* + embeds.*,embeds.author,PASS,no wording to compare
2026-09-01T06:59:51.287437564Z,33479539475,2.3.1,1.12.2,filters.* + format.* + embeds.*,embeds.enabled,PASS,no wording to compare
2026-09-01T06:59:51.287463552Z,33479539475,2.3.1,1.12.2,filters.* + format.* + embeds.*,embeds.enabled,PASS,switched to plain text
2026-09-01T06:59:51.287477658Z,33479539475,2.3.1,1.12.2,filters.* + format.* + embeds.*,filters.exempt_permission,PASS,suppressed the event it was set to suppress
2026-09-01T06:59:51.287491344Z,33479539475,2.3.1,1.12.2,filters.* + format.* + embeds.*,format.name,PASS,no wording to compare
2026-09-01T06:59:51.287504799Z,33479539475,2.3.1,1.12.2,filters.* + format.* + embeds.*,format.nicknames,PASS,no wording to compare
2026-09-01T06:59:51.287518074Z,33479539475,2.3.1,1.12.2,filters.* + format.* + embeds.*,format.nicknames,PASS,used the real name when switched off
2026-09-01T06:59:51.287531609Z,33479539475,2.3.1,1.12.2,filters.* + format.* + embeds.*,format.placeholders,POTENTIAL_ERROR,a placeholder typed in chat did not survive as written; expansion of player-supplied text would be a leak
2026-09-01T06:59:51.287545665Z,33479539475,2.3.1,1.12.2,filters.* + format.* + embeds.*,format.time,PASS,no wording to compare
2026-09-01T06:59:51.287558699Z,33479539475,2.3.1,1.12.2,filters.* + format.* + embeds.*,filters.ignored_advancements,PASS,suppressed the event it was set to suppress
2026-09-01T06:59:51.287578206Z,33479539475,2.3.1,1.12.2,filters.* + format.* + embeds.*,filters.ignored_chat_containing,PASS,suppressed the event it was set to suppress
2026-09-01T06:59:51.287593113Z,33479539475,2.3.1,1.12.2,filters.* + format.* + embeds.*,filters.ignored_commands,PASS,suppressed the event it was set to suppress
2026-09-01T06:59:51.287607801Z,33479539475,2.3.1,1.12.2,filters.* + format.* + embeds.*,filters.ignored_death_causes,PASS,suppressed the event it was set to suppress
2026-09-01T06:59:51.287621035Z,33479539475,2.3.1,1.12.2,filters.* + format.* + embeds.*,filters.ignored_explosion_sources,PASS,suppressed the event it was set to suppress
2026-09-01T06:59:51.287634110Z,33479539475,2.3.1,1.12.2,filters.* + format.* + embeds.*,filters.ignored_players,PASS,suppressed the event it was set to suppress
2026-09-01T06:59:51.287647394Z,33479539475,2.3.1,1.12.2,filters.* + format.* + embeds.*,filters.ignored_teleport_causes,PASS,suppressed the event it was set to suppress
2026-09-01T06:59:51.287702056Z,33479539475,2.3.1,1.12.2,filters.* + format.* + embeds.*,filters.ignored_worlds,PASS,suppressed the event it was set to suppress
2026-09-01T06:59:51.287716964Z,33479539475,2.3.1,1.12.2,filters.* + format.* + embeds.*,log.player.join.show_platform,PASS,logged a Java join cleanly; the Bedrock flag itself needs Floodgate and is not driveable here
2026-09-01T06:59:51.287731280Z,33479539475,2.3.1,1.12.2,filters.* + format.* + embeds.*,filters.log_recipe_advancements,PASS,suppressed the event it was set to suppress
2026-09-01T06:59:51.287743974Z,33479539475,2.3.1,1.12.2,filters.* + format.* + embeds.*,filters.minimum_chat_length,PASS,suppressed the event it was set to suppress
2026-09-01T06:59:51.287757269Z,33479539475,2.3.1,1.12.2,filters.* + format.* + embeds.*,filters.minimum_explosion_blocks,PASS,suppressed the event it was set to suppress
2026-09-01T06:59:51.287769752Z,33479539475,2.3.1,1.12.2,filters.* + format.* + embeds.*,filters.minimum_teleport_distance,PASS,suppressed the event it was set to suppress
2026-09-01T06:59:51.287782656Z,33479539475,2.3.1,1.12.2,filters.* + format.* + embeds.*,filters.only_log_commands,PASS,suppressed the event it was set to suppress
2026-09-01T06:59:51.287795951Z,33479539475,2.3.1,1.12.2,filters.* + format.* + embeds.*,filters.respect_vanish,PASS,suppressed the event it was set to suppress
2026-09-01T06:59:51.287808745Z,33479539475,2.3.1,1.12.2,filters.* + format.* + embeds.*,webhook.url,PASS,every event followed the main webhook when it changed
2026-09-01T07:04:02.570454110Z,33479539475,2.3.1,1.12.2,log.server.* + log.moderation.*,log.server.command.color,PASS,no wording to compare
2026-09-01T07:04:02.570519321Z,33479539475,2.3.1,1.12.2,log.server.* + log.moderation.*,log.server.explosion.color,PASS,no wording to compare
2026-09-01T07:04:02.570542104Z,33479539475,2.3.1,1.12.2,log.server.* + log.moderation.*,log.moderation.ban.color,PASS,no wording to compare
2026-09-01T07:04:02.570562341Z,33479539475,2.3.1,1.12.2,log.server.* + log.moderation.*,log.moderation.unban.color,PASS,no wording to compare
2026-09-01T07:04:02.570579233Z,33479539475,2.3.1,1.12.2,log.server.* + log.moderation.*,log.moderation.op.color,PASS,no wording to compare
2026-09-01T07:04:02.570596244Z,33479539475,2.3.1,1.12.2,log.server.* + log.moderation.*,log.moderation.deop.color,PASS,no wording to compare
2026-09-01T07:04:02.570612665Z,33479539475,2.3.1,1.12.2,log.server.* + log.moderation.*,log.moderation.whitelist_toggle.color,PASS,no wording to compare
2026-09-01T07:04:02.570628384Z,33479539475,2.3.1,1.12.2,log.server.* + log.moderation.*,log.moderation.whitelist_edit.color,PASS,no wording to compare
2026-09-01T07:04:02.570644485Z,33479539475,2.3.1,1.12.2,log.server.* + log.moderation.*,log.server.command.enabled,PASS,correctly sent nothing
2026-09-01T07:04:02.570660695Z,33479539475,2.3.1,1.12.2,log.server.* + log.moderation.*,log.server.explosion.enabled,PASS,correctly sent nothing
2026-09-01T07:04:02.570678478Z,33479539475,2.3.1,1.12.2,log.server.* + log.moderation.*,log.moderation.ban.enabled,PASS,correctly sent nothing
2026-09-01T07:04:02.570694177Z,33479539475,2.3.1,1.12.2,log.server.* + log.moderation.*,log.moderation.unban.enabled,PASS,correctly sent nothing
2026-09-01T07:04:02.570707261Z,33479539475,2.3.1,1.12.2,log.server.* + log.moderation.*,log.moderation.op.enabled,PASS,correctly sent nothing
2026-09-01T07:04:02.570722680Z,33479539475,2.3.1,1.12.2,log.server.* + log.moderation.*,log.moderation.deop.enabled,PASS,correctly sent nothing
2026-09-01T07:04:02.570737047Z,33479539475,2.3.1,1.12.2,log.server.* + log.moderation.*,log.moderation.whitelist_toggle.enabled,PASS,correctly sent nothing
2026-09-01T07:04:02.570750892Z,33479539475,2.3.1,1.12.2,log.server.* + log.moderation.*,log.moderation.whitelist_edit.enabled,PASS,correctly sent nothing
2026-09-01T07:04:02.570779175Z,33479539475,2.3.1,1.12.2,log.server.* + log.moderation.*,log.server.command.enabled,PASS,no wording to compare
2026-09-01T07:04:02.570798471Z,33479539475,2.3.1,1.12.2,log.server.* + log.moderation.*,log.server.explosion.enabled,PASS,no wording to compare
2026-09-01T07:04:02.570817937Z,33479539475,2.3.1,1.12.2,log.server.* + log.moderation.*,log.moderation.ban.enabled,PASS,no wording to compare
2026-09-01T07:04:02.570837213Z,33479539475,2.3.1,1.12.2,log.server.* + log.moderation.*,log.moderation.unban.enabled,PASS,no wording to compare
2026-09-01T07:04:02.570855527Z,33479539475,2.3.1,1.12.2,log.server.* + log.moderation.*,log.moderation.op.enabled,PASS,no wording to compare
2026-09-01T07:04:02.570873861Z,33479539475,2.3.1,1.12.2,log.server.* + log.moderation.*,log.moderation.deop.enabled,PASS,no wording to compare
2026-09-01T07:04:02.570891715Z,33479539475,2.3.1,1.12.2,log.server.* + log.moderation.*,log.moderation.whitelist_toggle.enabled,PASS,no wording to compare
2026-09-01T07:04:02.570908496Z,33479539475,2.3.1,1.12.2,log.server.* + log.moderation.*,log.moderation.whitelist_edit.enabled,PASS,no wording to compare
2026-09-01T07:04:02.570926259Z,33479539475,2.3.1,1.12.2,log.server.* + log.moderation.*,log.moderation.kick.enabled,POTENTIAL_ERROR,"a real kick needs a connected client, which this harness cannot provide; both halves of the listener ran without faulting"
2026-09-01T07:04:02.570945515Z,33479539475,2.3.1,1.12.2,log.server.* + log.moderation.*,log.moderation.kick.color,POTENTIAL_ERROR,"a real kick needs a connected client, which this harness cannot provide; both halves of the listener ran without faulting"
2026-09-01T07:04:02.570964110Z,33479539475,2.3.1,1.12.2,log.server.* + log.moderation.*,log.moderation.kick.webhook,POTENTIAL_ERROR,"a real kick needs a connected client, which this harness cannot provide; both halves of the listener ran without faulting"
2026-09-01T07:04:02.570977324Z,33479539475,2.3.1,1.12.2,log.server.* + log.moderation.*,log.server.command.webhook,PASS,routed to its own webhook
2026-09-01T07:04:02.570990008Z,33479539475,2.3.1,1.12.2,log.server.* + log.moderation.*,log.server.explosion.webhook,PASS,routed to its own webhook
2026-09-01T07:04:02.571002351Z,33479539475,2.3.1,1.12.2,log.server.* + log.moderation.*,log.moderation.ban.webhook,PASS,routed to its own webhook
2026-09-01T07:04:02.571014964Z,33479539475,2.3.1,1.12.2,log.server.* + log.moderation.*,log.moderation.unban.webhook,PASS,routed to its own webhook
2026-09-01T07:04:02.571027638Z,33479539475,2.3.1,1.12.2,log.server.* + log.moderation.*,log.moderation.op.webhook,PASS,routed to its own webhook
2026-09-01T07:04:02.571039901Z,33479539475,2.3.1,1.12.2,log.server.* + log.moderation.*,log.moderation.deop.webhook,PASS,routed to its own webhook
2026-09-01T07:04:02.571053586Z,33479539475,2.3.1,1.12.2,log.server.* + log.moderation.*,log.moderation.whitelist_toggle.webhook,PASS,routed to its own webhook
2026-09-01T07:04:02.571067161Z,33479539475,2.3.1,1.12.2,log.server.* + log.moderation.*,log.moderation.whitelist_edit.webhook,PASS,routed to its own webhook
2026-09-01T07:05:03.958252791Z,33479539475,2.3.1,1.12.2,log.server.start/stop,log.server.stop.enabled,PASS,no wording to compare
2026-09-01T07:05:03.958381510Z,33479539475,2.3.1,1.12.2,log.server.start/stop,log.server.stop.color,PASS,no wording to compare
2026-09-01T07:05:03.958403622Z,33479539475,2.3.1,1.12.2,log.server.start/stop,log.server.start.enabled,PASS,no wording to compare
2026-09-01T07:05:03.958420353Z,33479539475,2.3.1,1.12.2,log.server.start/stop,log.server.start.color,PASS,no wording to compare
2026-09-01T07:05:03.958436042Z,33479539475,2.3.1,1.12.2,log.server.start/stop,log.server.stop.webhook,PASS,routed to its own webhook
2026-09-01T07:05:03.958451040Z,33479539475,2.3.1,1.12.2,log.server.start/stop,log.server.start.webhook,PASS,routed to its own webhook
2026-09-01T07:05:03.958466128Z,33479539475,2.3.1,1.12.2,log.server.start/stop,log.server.stop.enabled,PASS,correctly sent nothing
2026-09-01T07:05:03.958481266Z,33479539475,2.3.1,1.12.2,log.server.start/stop,log.server.start.enabled,PASS,correctly sent nothing
2026-09-01T07:08:10.594661823Z,33479539475,2.3.1,1.12.2,log.player.*,log.player.join.color,PASS,no wording to compare
2026-09-01T07:08:10.594706877Z,33479539475,2.3.1,1.12.2,log.player.*,log.player.quit.color,PASS,no wording to compare
2026-09-01T07:08:10.594721414Z,33479539475,2.3.1,1.12.2,log.player.*,log.player.chat.color,PASS,no wording to compare
2026-09-01T07:08:10.594748945Z,33479539475,2.3.1,1.12.2,log.player.*,log.player.gamemode.color,PASS,no wording to compare
2026-09-01T07:08:10.594762090Z,33479539475,2.3.1,1.12.2,log.player.*,log.player.teleport.color,PASS,no wording to compare
2026-09-01T07:08:10.594778350Z,33479539475,2.3.1,1.12.2,log.player.*,log.player.death.color,PASS,no wording to compare
2026-09-01T07:08:10.594792727Z,33479539475,2.3.1,1.12.2,log.player.*,log.player.advancement.color,PASS,no wording to compare
2026-09-01T07:08:10.594806843Z,33479539475,2.3.1,1.12.2,log.player.*,log.player.join.enabled,PASS,correctly sent nothing
2026-09-01T07:08:10.594819266Z,33479539475,2.3.1,1.12.2,log.player.*,log.player.quit.enabled,PASS,correctly sent nothing
2026-09-01T07:08:10.594831269Z,33479539475,2.3.1,1.12.2,log.player.*,log.player.chat.enabled,PASS,correctly sent nothing
2026-09-01T07:08:10.594843602Z,33479539475,2.3.1,1.12.2,log.player.*,log.player.gamemode.enabled,PASS,correctly sent nothing
2026-09-01T07:08:10.594856476Z,33479539475,2.3.1,1.12.2,log.player.*,log.player.teleport.enabled,PASS,correctly sent nothing
2026-09-01T07:08:10.594870041Z,33479539475,2.3.1,1.12.2,log.player.*,log.player.death.enabled,PASS,correctly sent nothing
2026-09-01T07:08:10.594882594Z,33479539475,2.3.1,1.12.2,log.player.*,log.player.advancement.enabled,PASS,correctly sent nothing
2026-09-01T07:08:10.594894687Z,33479539475,2.3.1,1.12.2,log.player.*,log.player.join.enabled,PASS,no wording to compare
2026-09-01T07:08:10.594906709Z,33479539475,2.3.1,1.12.2,log.player.*,log.player.quit.enabled,PASS,no wording to compare
2026-09-01T07:08:10.594918431Z,33479539475,2.3.1,1.12.2,log.player.*,log.player.chat.enabled,PASS,no wording to compare
2026-09-01T07:08:10.594938228Z,33479539475,2.3.1,1.12.2,log.player.*,log.player.gamemode.enabled,PASS,no wording to compare
2026-09-01T07:08:10.594949970Z,33479539475,2.3.1,1.12.2,log.player.*,log.player.teleport.enabled,PASS,no wording to compare
2026-09-01T07:08:10.594961441Z,33479539475,2.3.1,1.12.2,log.player.*,log.player.death.enabled,PASS,no wording to compare
2026-09-01T07:08:10.594972662Z,33479539475,2.3.1,1.12.2,log.player.*,log.player.advancement.enabled,PASS,no wording to compare
2026-09-01T07:08:10.594983602Z,33479539475,2.3.1,1.12.2,log.player.*,log.player.join.webhook,PASS,routed to its own webhook
2026-09-01T07:08:10.594995204Z,33479539475,2.3.1,1.12.2,log.player.*,log.player.quit.webhook,PASS,routed to its own webhook
2026-09-01T07:08:10.595006335Z,33479539475,2.3.1,1.12.2,log.player.*,log.player.chat.webhook,PASS,routed to its own webhook
2026-09-01T07:08:10.595017666Z,33479539475,2.3.1,1.12.2,log.player.*,log.player.gamemode.webhook,PASS,routed to its own webhook
2026-09-01T07:08:10.595028656Z,33479539475,2.3.1,1.12.2,log.player.*,log.player.teleport.webhook,PASS,routed to its own webhook
2026-09-01T07:08:10.595040058Z,33479539475,2.3.1,1.12.2,log.player.*,log.player.death.webhook,PASS,routed to its own webhook
2026-09-01T07:08:10.595051108Z,33479539475,2.3.1,1.12.2,log.player.*,log.player.advancement.webhook,PASS,routed to its own webhook
2026-09-01T07:14:19.627633195Z,33479539475,2.3.1,1.12.2,lang.yml discord.*,discord.player-join,PASS,no wording to compare
2026-09-01T07:14:19.627679562Z,33479539475,2.3.1,1.12.2,lang.yml discord.*,discord.player-quit,PASS,no wording to compare
2026-09-01T07:14:19.627693768Z,33479539475,2.3.1,1.12.2,lang.yml discord.*,discord.player-chat,PASS,no wording to compare
2026-09-01T07:14:19.627706983Z,33479539475,2.3.1,1.12.2,lang.yml discord.*,discord.player-command,WRONG,the server logged an error: [07:09:03 INFO]: DRIVER-ERROR command: java.lang.reflect.InvocationTargetException --- last server output --- [07:08:28 INFO]: 1234567890123456789: empty [07:08:28 INFO]: Custom log rules: 0 [07:08:28 INFO]: PlaceholderAPI: not installed [07:08:29 INFO]: DRIVER-OK join […
2026-09-01T07:14:19.627722512Z,33479539475,2.3.1,1.12.2,lang.yml discord.*,discord.server-command,PASS,no wording to compare
2026-09-01T07:14:19.627736237Z,33479539475,2.3.1,1.12.2,lang.yml discord.*,discord.death.description,PASS,no wording to compare
2026-09-01T07:14:19.627748610Z,33479539475,2.3.1,1.12.2,lang.yml discord.*,discord.death.cause-field,PASS,no wording to compare
2026-09-01T07:14:19.627761143Z,33479539475,2.3.1,1.12.2,lang.yml discord.*,discord.death.coords-field,PASS,no wording to compare
2026-09-01T07:14:19.627773246Z,33479539475,2.3.1,1.12.2,lang.yml discord.*,discord.death.coords-value,PASS,no wording to compare
2026-09-01T07:14:19.627784818Z,33479539475,2.3.1,1.12.2,lang.yml discord.*,discord.death.slain-by-player,PASS,no wording to compare
2026-09-01T07:14:19.627796439Z,33479539475,2.3.1,1.12.2,lang.yml discord.*,discord.death.slain-by-mob,PASS,no wording to compare
2026-09-01T07:14:19.627807750Z,33479539475,2.3.1,1.12.2,lang.yml discord.*,discord.death.shot-by,PASS,no wording to compare
2026-09-01T07:14:19.627818791Z,33479539475,2.3.1,1.12.2,lang.yml discord.*,discord.death.shot,PASS,no wording to compare
2026-09-01T07:14:19.627829902Z,33479539475,2.3.1,1.12.2,lang.yml discord.*,discord.death.unknown,PASS,no wording to compare
2026-09-01T07:14:19.627840992Z,33479539475,2.3.1,1.12.2,lang.yml discord.*,discord.death.causes.fall,PASS,no wording to compare
2026-09-01T07:14:19.627853746Z,33479539475,2.3.1,1.12.2,lang.yml discord.*,discord.death.causes.lava,PASS,no wording to compare
2026-09-01T07:14:19.627865177Z,33479539475,2.3.1,1.12.2,lang.yml discord.*,discord.death.causes.fire,PASS,no wording to compare
2026-09-01T07:14:19.627876348Z,33479539475,2.3.1,1.12.2,lang.yml discord.*,discord.death.causes.fire-tick,PASS,no wording to compare
2026-09-01T07:14:19.627888631Z,33479539475,2.3.1,1.12.2,lang.yml discord.*,discord.death.causes.drowning,PASS,no wording to compare
2026-09-01T07:14:19.627900303Z,33479539475,2.3.1,1.12.2,lang.yml discord.*,discord.death.causes.suffocation,PASS,no wording to compare
2026-09-01T07:14:19.627911644Z,33479539475,2.3.1,1.12.2,lang.yml discord.*,discord.death.causes.void,PASS,no wording to compare
2026-09-01T07:14:19.627923336Z,33479539475,2.3.1,1.12.2,lang.yml discord.*,discord.death.causes.contact,PASS,no wording to compare
2026-09-01T07:14:19.627934667Z,33479539475,2.3.1,1.12.2,lang.yml discord.*,discord.death.causes.block-explosion,PASS,no wording to compare
2026-09-01T07:14:19.627947110Z,33479539475,2.3.1,1.12.2,lang.yml discord.*,discord.death.causes.entity-explosion,PASS,no wording to compare
2026-09-01T07:14:19.627974761Z,33479539475,2.3.1,1.12.2,lang.yml discord.*,discord.death.causes.magic,PASS,no wording to compare
2026-09-01T07:14:19.627992184Z,33479539475,2.3.1,1.12.2,lang.yml discord.*,discord.death.causes.poison,PASS,no wording to compare
2026-09-01T07:14:19.628006440Z,33479539475,2.3.1,1.12.2,lang.yml discord.*,discord.death.causes.wither,PASS,no wording to compare
2026-09-01T07:14:19.628058567Z,33479539475,2.3.1,1.12.2,lang.yml discord.*,discord.death.causes.starvation,PASS,no wording to compare
2026-09-01T07:14:19.628079847Z,33479539475,2.3.1,1.12.2,lang.yml discord.*,discord.death.causes.freeze,PROBABLY_FINE,"this server has no such damage cause, so the line cannot be reached here"
2026-09-01T07:14:19.628113029Z,33479539475,2.3.1,1.12.2,lang.yml discord.*,discord.death.causes.lightning,PASS,no wording to compare
2026-09-01T07:14:19.628128648Z,33479539475,2.3.1,1.12.2,lang.yml discord.*,discord.death.causes.hot-floor,PASS,no wording to compare
2026-09-01T07:14:19.628143556Z,33479539475,2.3.1,1.12.2,lang.yml discord.*,discord.death.causes.cramming,PASS,no wording to compare
2026-09-01T07:14:19.628158934Z,33479539475,2.3.1,1.12.2,lang.yml discord.*,discord.death.causes.dragon-breath,PASS,no wording to compare
2026-09-01T07:14:19.628173141Z,33479539475,2.3.1,1.12.2,lang.yml discord.*,discord.death.causes.thorns,PASS,no wording to compare
2026-09-01T07:14:19.628187397Z,33479539475,2.3.1,1.12.2,lang.yml discord.*,discord.death.causes.kill,PROBABLY_FINE,"this server has no such damage cause, so the line cannot be reached here"
2026-09-01T07:14:19.628201273Z,33479539475,2.3.1,1.12.2,lang.yml discord.*,discord.death.causes.suicide,PASS,no wording to compare
2026-09-01T07:14:19.628214928Z,33479539475,2.3.1,1.12.2,lang.yml discord.*,discord.death.causes.world-border,PROBABLY_FINE,"this server has no such damage cause, so the line cannot be reached here"
2026-09-01T07:14:19.628231339Z,33479539475,2.3.1,1.12.2,lang.yml discord.*,discord.death.causes.sonic-boom,PROBABLY_FINE,"this server has no such damage cause, so the line cannot be reached here"
2026-09-01T07:14:19.628246177Z,33479539475,2.3.1,1.12.2,lang.yml discord.*,discord.death.causes.campfire,PROBABLY_FINE,"this server has no such damage cause, so the line cannot be reached here"
2026-09-01T07:14:19.628260634Z,33479539475,2.3.1,1.12.2,lang.yml discord.*,discord.death.causes.falling-block,PASS,no wording to compare
2026-09-01T07:14:19.628276142Z,33479539475,2.3.1,1.12.2,lang.yml discord.*,discord.death.causes.fly-into-wall,PASS,no wording to compare
2026-09-01T07:14:19.628291210Z,33479539475,2.3.1,1.12.2,lang.yml discord.*,discord.death.causes.dryout,PROBABLY_FINE,"this server has no such damage cause, so the line cannot be reached here"
2026-09-01T07:14:19.628335333Z,33479539475,2.3.1,1.12.2,lang.yml discord.*,discord.death.causes.melting,PASS,no wording to compare
2026-09-01T07:14:19.628350992Z,33479539475,2.3.1,1.12.2,lang.yml discord.*,discord.death.causes.entity-attack,PASS,no wording to compare
2026-09-01T07:14:19.628365048Z,33479539475,2.3.1,1.12.2,lang.yml discord.*,discord.death.causes.entity-sweep-attack,PASS,no wording to compare
2026-09-01T07:14:19.628379555Z,33479539475,2.3.1,1.12.2,lang.yml discord.*,discord.death.causes.projectile,PASS,no wording to compare
2026-09-01T07:14:19.628393150Z,33479539475,2.3.1,1.12.2,lang.yml discord.*,discord.death.causes.custom,PASS,no wording to compare
2026-09-01T07:16:20.692273801Z,33479539475,2.3.1,1.12.2,plain text (embeds off),plain-text.player-join,PASS,no wording to compare
2026-09-01T07:16:20.692467392Z,33479539475,2.3.1,1.12.2,plain text (embeds off),plain-text.player-quit,PASS,no wording to compare
2026-09-01T07:16:20.692485485Z,33479539475,2.3.1,1.12.2,plain text (embeds off),plain-text.player-chat,PASS,no wording to compare
2026-09-01T07:16:20.692500142Z,33479539475,2.3.1,1.12.2,plain text (embeds off),plain-text.player-command,WRONG,"nothing arrived with embeds off, though the same event posts with them on --- last server output --- [07:14:36 INFO]: Build: 2.3.1 (dev) [07:14:36 INFO]: Discord: connected [07:14:36 INFO]: Queue: running [07:14:36 INFO]: Destinations: 1 [07:14:36 INFO]: 1234567890123456789: empty [07:14:36 INFO]: …"
2026-09-01T07:16:20.692516082Z,33479539475,2.3.1,1.12.2,plain text (embeds off),plain-text.player-death,WRONG,the server logged an error: [07:15:08 INFO]: DRIVER-ERROR command: java.lang.reflect.InvocationTargetException --- last server output --- [07:14:36 INFO]: Discord: connected [07:14:36 INFO]: Queue: running [07:14:36 INFO]: Destinations: 1 [07:14:36 INFO]: 1234567890123456789: empty [07:14:36 INFO]:…
2026-09-01T07:16:20.692531361Z,33479539475,2.3.1,1.12.2,plain text (embeds off),plain-text.player-teleport,PASS,no wording to compare
2026-09-01T07:16:20.692545156Z,33479539475,2.3.1,1.12.2,plain text (embeds off),plain-text.player-gamemode,PASS,no wording to compare
2026-09-01T07:16:20.692558952Z,33479539475,2.3.1,1.12.2,plain text (embeds off),plain-text.server-command,PASS,no wording to compare
2026-09-01T07:16:20.692571926Z,33479539475,2.3.1,1.12.2,plain text (embeds off),plain-text.explosion,WRONG,"nothing arrived with embeds off, though the same event posts with them on --- last server output --- [07:15:04 INFO]: [DiscordLogger] `07:15:04, 01:09:2026` - **Player Quit**: Player1 left the server [07:15:04 INFO]: DRIVER-OK quit [07:15:04 INFO]: [DiscordLoggerDriver] DRIVER-OK quit [07:15:06 INF…"
2026-09-01T07:16:20.692586924Z,33479539475,2.3.1,1.12.2,plain text (embeds off),plain-text.moderation-op,PASS,no wording to compare
2026-09-01T07:18:24.357483146Z,33479539475,2.3.1,1.12.2,lang.yml chat.*,chat.prefix,WRONG,"'discordlogger reload' did not produce this line --- last server output --- [07:17:14 INFO]: [DiscordLogger] [07:17:14, 01:09:2026] Server Start: Server Started [07:17:14 INFO]: [DiscordLogger] Core loaded. [07:17:14 INFO]: [DiscordLoggerDriver] Enabling DiscordLoggerDriver v1.0-SNAPSHOT [07:17:14 …"
2026-09-01T07:18:24.357525886Z,33479539475,2.3.1,1.12.2,lang.yml chat.*,chat.reload-ok,PASS,the rewritten line came back from 'discordlogger reload'
2026-09-01T07:18:24.357541314Z,33479539475,2.3.1,1.12.2,lang.yml chat.*,chat.reload-no-webhook,PASS,the rewritten line came back from 'discordlogger reload'
2026-09-01T07:18:24.357553597Z,33479539475,2.3.1,1.12.2,lang.yml chat.*,chat.reload-no-webhook-hint,PASS,the rewritten line came back from 'discordlogger reload'
2026-09-01T07:18:24.357564217Z,33479539475,2.3.1,1.12.2,lang.yml chat.*,chat.webhook-usage,PASS,the rewritten line came back from 'discordlogger webhook'
2026-09-01T07:18:24.357574025Z,33479539475,2.3.1,1.12.2,lang.yml chat.*,chat.webhook-where,PASS,the rewritten line came back from 'discordlogger webhook'
2026-09-01T07:18:24.357584224Z,33479539475,2.3.1,1.12.2,lang.yml chat.*,chat.webhook-private,WRONG,"'discordlogger webhook' did not produce this line --- last server output --- [07:17:41 ERROR]: [DiscordLogger] Invalid or missing webhook.url in config.yml. [07:17:41 INFO]: Config reloaded, but webhook.url is missing or invalid. [07:17:41 INFO]: DLCHAT17387 [07:17:43 INFO]: [DiscordLogger] Log fil…"
2026-09-01T07:18:24.357595555Z,33479539475,2.3.1,1.12.2,lang.yml chat.*,chat.webhook-invalid,PASS,the rewritten line came back from 'discordlogger webhook http://example.com/not-a-webhook'
2026-09-01T07:18:24.357605133Z,33479539475,2.3.1,1.12.2,lang.yml chat.*,chat.webhook-expected,PASS,the rewritten line came back from 'discordlogger webhook http://example.com/not-a-webhook'
2026-09-01T07:18:24.357614350Z,33479539475,2.3.1,1.12.2,lang.yml chat.*,chat.regen-warning,PASS,the rewritten line came back from 'discordlogger regen'
2026-09-01T07:18:24.357623507Z,33479539475,2.3.1,1.12.2,lang.yml chat.*,chat.regen-confirm,PASS,the rewritten line came back from 'discordlogger regen'
2026-09-01T07:18:24.357632975Z,33479539475,2.3.1,1.12.2,lang.yml chat.*,chat.help-header,PASS,the rewritten line came back from 'discordlogger'
2026-09-01T07:18:24.357642132Z,33479539475,2.3.1,1.12.2,lang.yml chat.*,chat.help-entry,PASS,the rewritten line came back from 'discordlogger'
2026-09-01T07:18:24.357651028Z,33479539475,2.3.1,1.12.2,lang.yml chat.*,chat.unknown-subcommand,PASS,the rewritten line came back from 'discordlogger definitelynotasubcommand'
2026-09-01T06:59:50.945188885Z,33479539475,2.3.1,1.16.5,filters.* + format.* + embeds.*,log.custom,PASS,no wording to compare
2026-09-01T06:59:50.945380123Z,33479539475,2.3.1,1.16.5,filters.* + format.* + embeds.*,log.player.death.show_coords,PASS,no wording to compare
2026-09-01T06:59:50.945402355Z,33479539475,2.3.1,1.16.5,filters.* + format.* + embeds.*,log.player.death.show_coords,PASS,left the location out when switched off
2026-09-01T06:59:50.945419246Z,33479539475,2.3.1,1.16.5,filters.* + format.* + embeds.*,embeds.author,PASS,no wording to compare
2026-09-01T06:59:50.945435446Z,33479539475,2.3.1,1.16.5,filters.* + format.* + embeds.*,embeds.enabled,PASS,no wording to compare
2026-09-01T06:59:50.945479749Z,33479539475,2.3.1,1.16.5,filters.* + format.* + embeds.*,embeds.enabled,PASS,switched to plain text
2026-09-01T06:59:50.945501810Z,33479539475,2.3.1,1.16.5,filters.* + format.* + embeds.*,filters.exempt_permission,PASS,suppressed the event it was set to suppress
2026-09-01T06:59:50.945518572Z,33479539475,2.3.1,1.16.5,filters.* + format.* + embeds.*,format.name,PASS,no wording to compare
2026-09-01T06:59:50.945533650Z,33479539475,2.3.1,1.16.5,filters.* + format.* + embeds.*,format.nicknames,PASS,no wording to compare
2026-09-01T06:59:50.945548157Z,33479539475,2.3.1,1.16.5,filters.* + format.* + embeds.*,format.nicknames,PASS,used the real name when switched off
2026-09-01T06:59:50.945562965Z,33479539475,2.3.1,1.16.5,filters.* + format.* + embeds.*,format.placeholders,POTENTIAL_ERROR,a placeholder typed in chat did not survive as written; expansion of player-supplied text would be a leak
2026-09-01T06:59:50.945578233Z,33479539475,2.3.1,1.16.5,filters.* + format.* + embeds.*,format.time,PASS,no wording to compare
2026-09-01T06:59:50.945592480Z,33479539475,2.3.1,1.16.5,filters.* + format.* + embeds.*,filters.ignored_advancements,PASS,suppressed the event it was set to suppress
2026-09-01T06:59:50.945622126Z,33479539475,2.3.1,1.16.5,filters.* + format.* + embeds.*,filters.ignored_chat_containing,PASS,suppressed the event it was set to suppress
2026-09-01T06:59:50.945653334Z,33479539475,2.3.1,1.16.5,filters.* + format.* + embeds.*,filters.ignored_commands,PASS,suppressed the event it was set to suppress
2026-09-01T06:59:50.945674403Z,33479539475,2.3.1,1.16.5,filters.* + format.* + embeds.*,filters.ignored_death_causes,PASS,suppressed the event it was set to suppress
2026-09-01T06:59:50.945689762Z,33479539475,2.3.1,1.16.5,filters.* + format.* + embeds.*,filters.ignored_explosion_sources,PASS,suppressed the event it was set to suppress
2026-09-01T06:59:50.945707245Z,33479539475,2.3.1,1.16.5,filters.* + format.* + embeds.*,filters.ignored_players,PASS,suppressed the event it was set to suppress
2026-09-01T06:59:50.945739365Z,33479539475,2.3.1,1.16.5,filters.* + format.* + embeds.*,filters.ignored_teleport_causes,PASS,suppressed the event it was set to suppress
2026-09-01T06:59:50.945772196Z,33479539475,2.3.1,1.16.5,filters.* + format.* + embeds.*,filters.ignored_worlds,PASS,suppressed the event it was set to suppress
2026-09-01T06:59:50.945792043Z,33479539475,2.3.1,1.16.5,filters.* + format.* + embeds.*,log.player.join.show_platform,PASS,logged a Java join cleanly; the Bedrock flag itself needs Floodgate and is not driveable here
2026-09-01T06:59:50.945807512Z,33479539475,2.3.1,1.16.5,filters.* + format.* + embeds.*,filters.log_recipe_advancements,PASS,suppressed the event it was set to suppress
2026-09-01T06:59:50.945821559Z,33479539475,2.3.1,1.16.5,filters.* + format.* + embeds.*,filters.minimum_chat_length,PASS,suppressed the event it was set to suppress
2026-09-01T06:59:50.945835925Z,33479539475,2.3.1,1.16.5,filters.* + format.* + embeds.*,filters.minimum_explosion_blocks,PASS,suppressed the event it was set to suppress
2026-09-01T06:59:50.945849351Z,33479539475,2.3.1,1.16.5,filters.* + format.* + embeds.*,filters.minimum_teleport_distance,PASS,suppressed the event it was set to suppress
2026-09-01T06:59:50.945862856Z,33479539475,2.3.1,1.16.5,filters.* + format.* + embeds.*,filters.only_log_commands,PASS,suppressed the event it was set to suppress
2026-09-01T06:59:50.945876130Z,33479539475,2.3.1,1.16.5,filters.* + format.* + embeds.*,filters.respect_vanish,PASS,suppressed the event it was set to suppress
2026-09-01T06:59:50.945888954Z,33479539475,2.3.1,1.16.5,filters.* + format.* + embeds.*,webhook.url,PASS,every event followed the main webhook when it changed
2026-09-01T07:04:09.833349554Z,33479539475,2.3.1,1.16.5,log.server.* + log.moderation.*,log.server.command.color,PASS,no wording to compare
2026-09-01T07:04:09.833405849Z,33479539475,2.3.1,1.16.5,log.server.* + log.moderation.*,log.server.explosion.color,PASS,no wording to compare
2026-09-01T07:04:09.833427530Z,33479539475,2.3.1,1.16.5,log.server.* + log.moderation.*,log.moderation.ban.color,PASS,no wording to compare
2026-09-01T07:04:09.833448619Z,33479539475,2.3.1,1.16.5,log.server.* + log.moderation.*,log.moderation.unban.color,PASS,no wording to compare
2026-09-01T07:04:09.833466723Z,33479539475,2.3.1,1.16.5,log.server.* + log.moderation.*,log.moderation.op.color,PASS,no wording to compare
2026-09-01T07:04:09.833484516Z,33479539475,2.3.1,1.16.5,log.server.* + log.moderation.*,log.moderation.deop.color,PASS,no wording to compare
2026-09-01T07:04:09.833502379Z,33479539475,2.3.1,1.16.5,log.server.* + log.moderation.*,log.moderation.whitelist_toggle.color,PASS,no wording to compare
2026-09-01T07:04:09.833519692Z,33479539475,2.3.1,1.16.5,log.server.* + log.moderation.*,log.moderation.whitelist_edit.color,PASS,no wording to compare
2026-09-01T07:04:09.833537615Z,33479539475,2.3.1,1.16.5,log.server.* + log.moderation.*,log.server.command.enabled,PASS,correctly sent nothing
2026-09-01T07:04:09.833555358Z,33479539475,2.3.1,1.16.5,log.server.* + log.moderation.*,log.server.explosion.enabled,PASS,correctly sent nothing
2026-09-01T07:04:09.833573302Z,33479539475,2.3.1,1.16.5,log.server.* + log.moderation.*,log.moderation.ban.enabled,PASS,correctly sent nothing
2026-09-01T07:04:09.833591326Z,33479539475,2.3.1,1.16.5,log.server.* + log.moderation.*,log.moderation.unban.enabled,PASS,correctly sent nothing
2026-09-01T07:04:09.833608919Z,33479539475,2.3.1,1.16.5,log.server.* + log.moderation.*,log.moderation.op.enabled,PASS,correctly sent nothing
2026-09-01T07:04:09.833628305Z,33479539475,2.3.1,1.16.5,log.server.* + log.moderation.*,log.moderation.deop.enabled,PASS,correctly sent nothing
2026-09-01T07:04:09.833647571Z,33479539475,2.3.1,1.16.5,log.server.* + log.moderation.*,log.moderation.whitelist_toggle.enabled,PASS,correctly sent nothing
2026-09-01T07:04:09.833665284Z,33479539475,2.3.1,1.16.5,log.server.* + log.moderation.*,log.moderation.whitelist_edit.enabled,PASS,correctly sent nothing
2026-09-01T07:04:09.833697595Z,33479539475,2.3.1,1.16.5,log.server.* + log.moderation.*,log.server.command.enabled,PASS,no wording to compare
2026-09-01T07:04:09.833740395Z,33479539475,2.3.1,1.16.5,log.server.* + log.moderation.*,log.server.explosion.enabled,PASS,no wording to compare
2026-09-01T07:04:09.833761123Z,33479539475,2.3.1,1.16.5,log.server.* + log.moderation.*,log.moderation.ban.enabled,PASS,no wording to compare
2026-09-01T07:04:09.833779137Z,33479539475,2.3.1,1.16.5,log.server.* + log.moderation.*,log.moderation.unban.enabled,PASS,no wording to compare
2026-09-01T07:04:09.833796580Z,33479539475,2.3.1,1.16.5,log.server.* + log.moderation.*,log.moderation.op.enabled,PASS,no wording to compare
2026-09-01T07:04:09.833814293Z,33479539475,2.3.1,1.16.5,log.server.* + log.moderation.*,log.moderation.deop.enabled,PASS,no wording to compare
2026-09-01T07:04:09.833831735Z,33479539475,2.3.1,1.16.5,log.server.* + log.moderation.*,log.moderation.whitelist_toggle.enabled,PASS,no wording to compare
2026-09-01T07:04:09.833848657Z,33479539475,2.3.1,1.16.5,log.server.* + log.moderation.*,log.moderation.whitelist_edit.enabled,PASS,no wording to compare
2026-09-01T07:04:09.833864857Z,33479539475,2.3.1,1.16.5,log.server.* + log.moderation.*,log.moderation.kick.enabled,POTENTIAL_ERROR,"a real kick needs a connected client, which this harness cannot provide; both halves of the listener ran without faulting"
2026-09-01T07:04:09.833881719Z,33479539475,2.3.1,1.16.5,log.server.* + log.moderation.*,log.moderation.kick.color,POTENTIAL_ERROR,"a real kick needs a connected client, which this harness cannot provide; both halves of the listener ran without faulting"
2026-09-01T07:04:09.833898140Z,33479539475,2.3.1,1.16.5,log.server.* + log.moderation.*,log.moderation.kick.webhook,POTENTIAL_ERROR,"a real kick needs a connected client, which this harness cannot provide; both halves of the listener ran without faulting"
2026-09-01T07:04:09.833914250Z,33479539475,2.3.1,1.16.5,log.server.* + log.moderation.*,log.server.command.webhook,PASS,routed to its own webhook
2026-09-01T07:04:09.833940338Z,33479539475,2.3.1,1.16.5,log.server.* + log.moderation.*,log.server.explosion.webhook,PASS,routed to its own webhook
2026-09-01T07:04:09.833977067Z,33479539475,2.3.1,1.16.5,log.server.* + log.moderation.*,log.moderation.ban.webhook,PASS,routed to its own webhook
2026-09-01T07:04:09.834013085Z,33479539475,2.3.1,1.16.5,log.server.* + log.moderation.*,log.moderation.unban.webhook,PASS,routed to its own webhook
2026-09-01T07:04:09.834032281Z,33479539475,2.3.1,1.16.5,log.server.* + log.moderation.*,log.moderation.op.webhook,PASS,routed to its own webhook
2026-09-01T07:04:09.834050104Z,33479539475,2.3.1,1.16.5,log.server.* + log.moderation.*,log.moderation.deop.webhook,PASS,routed to its own webhook
2026-09-01T07:04:09.834069590Z,33479539475,2.3.1,1.16.5,log.server.* + log.moderation.*,log.moderation.whitelist_toggle.webhook,PASS,routed to its own webhook
2026-09-01T07:04:09.834088806Z,33479539475,2.3.1,1.16.5,log.server.* + log.moderation.*,log.moderation.whitelist_edit.webhook,PASS,routed to its own webhook
2026-09-01T07:05:39.361309943Z,33479539475,2.3.1,1.16.5,log.server.start/stop,log.server.stop.enabled,PASS,no wording to compare
2026-09-01T07:05:39.361396345Z,33479539475,2.3.1,1.16.5,log.server.start/stop,log.server.stop.color,PASS,no wording to compare
2026-09-01T07:05:39.361414369Z,33479539475,2.3.1,1.16.5,log.server.start/stop,log.server.start.enabled,PASS,no wording to compare
2026-09-01T07:05:39.361428064Z,33479539475,2.3.1,1.16.5,log.server.start/stop,log.server.start.color,PASS,no wording to compare
2026-09-01T07:05:39.361440497Z,33479539475,2.3.1,1.16.5,log.server.start/stop,log.server.stop.webhook,PASS,routed to its own webhook
2026-09-01T07:05:39.361452791Z,33479539475,2.3.1,1.16.5,log.server.start/stop,log.server.start.webhook,PASS,routed to its own webhook
2026-09-01T07:05:39.361464202Z,33479539475,2.3.1,1.16.5,log.server.start/stop,log.server.stop.enabled,PASS,correctly sent nothing
2026-09-01T07:05:39.361476324Z,33479539475,2.3.1,1.16.5,log.server.start/stop,log.server.start.enabled,PASS,correctly sent nothing
2026-09-01T07:08:53.418136380Z,33479539475,2.3.1,1.16.5,log.player.*,log.player.join.color,PASS,no wording to compare
2026-09-01T07:08:53.418193627Z,33479539475,2.3.1,1.16.5,log.player.*,log.player.quit.color,PASS,no wording to compare
2026-09-01T07:08:53.418216230Z,33479539475,2.3.1,1.16.5,log.player.*,log.player.chat.color,PASS,no wording to compare
2026-09-01T07:08:53.418247769Z,33479539475,2.3.1,1.16.5,log.player.*,log.player.gamemode.color,PASS,no wording to compare
2026-09-01T07:08:53.418267626Z,33479539475,2.3.1,1.16.5,log.player.*,log.player.teleport.color,PASS,no wording to compare
2026-09-01T07:08:53.418285860Z,33479539475,2.3.1,1.16.5,log.player.*,log.player.death.color,PASS,no wording to compare
2026-09-01T07:08:53.418305236Z,33479539475,2.3.1,1.16.5,log.player.*,log.player.advancement.color,PASS,no wording to compare
2026-09-01T07:08:53.418324442Z,33479539475,2.3.1,1.16.5,log.player.*,log.player.join.enabled,PASS,correctly sent nothing
2026-09-01T07:08:53.418342506Z,33479539475,2.3.1,1.16.5,log.player.*,log.player.quit.enabled,PASS,correctly sent nothing
2026-09-01T07:08:53.418360449Z,33479539475,2.3.1,1.16.5,log.player.*,log.player.chat.enabled,PASS,correctly sent nothing
2026-09-01T07:08:53.418378182Z,33479539475,2.3.1,1.16.5,log.player.*,log.player.gamemode.enabled,PASS,correctly sent nothing
2026-09-01T07:08:53.418396016Z,33479539475,2.3.1,1.16.5,log.player.*,log.player.teleport.enabled,PASS,correctly sent nothing
2026-09-01T07:08:53.418415523Z,33479539475,2.3.1,1.16.5,log.player.*,log.player.death.enabled,PASS,correctly sent nothing
2026-09-01T07:08:53.418434097Z,33479539475,2.3.1,1.16.5,log.player.*,log.player.advancement.enabled,PASS,correctly sent nothing
2026-09-01T07:08:53.418452612Z,33479539475,2.3.1,1.16.5,log.player.*,log.player.join.enabled,PASS,no wording to compare
2026-09-01T07:08:53.418470405Z,33479539475,2.3.1,1.16.5,log.player.*,log.player.quit.enabled,PASS,no wording to compare
2026-09-01T07:08:53.418488689Z,33479539475,2.3.1,1.16.5,log.player.*,log.player.chat.enabled,PASS,no wording to compare
2026-09-01T07:08:53.418506703Z,33479539475,2.3.1,1.16.5,log.player.*,log.player.gamemode.enabled,PASS,no wording to compare
2026-09-01T07:08:53.418525478Z,33479539475,2.3.1,1.16.5,log.player.*,log.player.teleport.enabled,PASS,no wording to compare
2026-09-01T07:08:53.418543532Z,33479539475,2.3.1,1.16.5,log.player.*,log.player.death.enabled,PASS,no wording to compare
2026-09-01T07:08:53.418561846Z,33479539475,2.3.1,1.16.5,log.player.*,log.player.advancement.enabled,PASS,no wording to compare
2026-09-01T07:08:53.418580651Z,33479539475,2.3.1,1.16.5,log.player.*,log.player.join.webhook,PASS,routed to its own webhook
2026-09-01T07:08:53.418599447Z,33479539475,2.3.1,1.16.5,log.player.*,log.player.quit.webhook,PASS,routed to its own webhook
2026-09-01T07:08:53.418617140Z,33479539475,2.3.1,1.16.5,log.player.*,log.player.chat.webhook,PASS,routed to its own webhook
2026-09-01T07:08:53.418637628Z,33479539475,2.3.1,1.16.5,log.player.*,log.player.gamemode.webhook,PASS,routed to its own webhook
2026-09-01T07:08:53.418656553Z,33479539475,2.3.1,1.16.5,log.player.*,log.player.teleport.webhook,PASS,routed to its own webhook
2026-09-01T07:08:53.418674437Z,33479539475,2.3.1,1.16.5,log.player.*,log.player.death.webhook,PASS,routed to its own webhook
2026-09-01T07:08:53.418694534Z,33479539475,2.3.1,1.16.5,log.player.*,log.player.advancement.webhook,PASS,routed to its own webhook
2026-09-01T07:14:47.269952522Z,33479539475,2.3.1,1.16.5,lang.yml discord.*,discord.player-join,PASS,no wording to compare
2026-09-01T07:14:47.270012955Z,33479539475,2.3.1,1.16.5,lang.yml discord.*,discord.player-quit,PASS,no wording to compare
2026-09-01T07:14:47.270033944Z,33479539475,2.3.1,1.16.5,lang.yml discord.*,discord.player-chat,PASS,no wording to compare
2026-09-01T07:14:47.270053491Z,33479539475,2.3.1,1.16.5,lang.yml discord.*,discord.player-command,WRONG,the server logged an error: [07:09:54 INFO]: DRIVER-ERROR command: java.lang.reflect.InvocationTargetException --- last server output --- [07:09:19 INFO]: 1234567890123456789: empty [07:09:19 INFO]: Custom log rules: 0 [07:09:19 INFO]: PlaceholderAPI: not installed [07:09:20 INFO]: DRIVER-OK join […
2026-09-01T07:14:47.270078618Z,33479539475,2.3.1,1.16.5,lang.yml discord.*,discord.server-command,PASS,no wording to compare
2026-09-01T07:14:47.270098996Z,33479539475,2.3.1,1.16.5,lang.yml discord.*,discord.death.description,PASS,no wording to compare
2026-09-01T07:14:47.270118432Z,33479539475,2.3.1,1.16.5,lang.yml discord.*,discord.death.cause-field,PASS,no wording to compare
2026-09-01T07:14:47.270136045Z,33479539475,2.3.1,1.16.5,lang.yml discord.*,discord.death.coords-field,PASS,no wording to compare
2026-09-01T07:14:47.270154700Z,33479539475,2.3.1,1.16.5,lang.yml discord.*,discord.death.coords-value,PASS,no wording to compare
2026-09-01T07:14:47.270172874Z,33479539475,2.3.1,1.16.5,lang.yml discord.*,discord.death.slain-by-player,PASS,no wording to compare
2026-09-01T07:14:47.270190587Z,33479539475,2.3.1,1.16.5,lang.yml discord.*,discord.death.slain-by-mob,PASS,no wording to compare
2026-09-01T07:14:47.270212538Z,33479539475,2.3.1,1.16.5,lang.yml discord.*,discord.death.shot-by,PASS,no wording to compare
2026-09-01T07:14:47.270234239Z,33479539475,2.3.1,1.16.5,lang.yml discord.*,discord.death.shot,PASS,no wording to compare
2026-09-01T07:14:47.270249477Z,33479539475,2.3.1,1.16.5,lang.yml discord.*,discord.death.unknown,PASS,no wording to compare
2026-09-01T07:14:47.270265918Z,33479539475,2.3.1,1.16.5,lang.yml discord.*,discord.death.causes.fall,PASS,no wording to compare
2026-09-01T07:14:47.270284372Z,33479539475,2.3.1,1.16.5,lang.yml discord.*,discord.death.causes.lava,PASS,no wording to compare
2026-09-01T07:14:47.270299901Z,33479539475,2.3.1,1.16.5,lang.yml discord.*,discord.death.causes.fire,PASS,no wording to compare
2026-09-01T07:14:47.270315160Z,33479539475,2.3.1,1.16.5,lang.yml discord.*,discord.death.causes.fire-tick,PASS,no wording to compare
2026-09-01T07:14:47.270333775Z,33479539475,2.3.1,1.16.5,lang.yml discord.*,discord.death.causes.drowning,PASS,no wording to compare
2026-09-01T07:14:47.270350857Z,33479539475,2.3.1,1.16.5,lang.yml discord.*,discord.death.causes.suffocation,PASS,no wording to compare
2026-09-01T07:14:47.270368079Z,33479539475,2.3.1,1.16.5,lang.yml discord.*,discord.death.causes.void,PASS,no wording to compare
2026-09-01T07:14:47.270385291Z,33479539475,2.3.1,1.16.5,lang.yml discord.*,discord.death.causes.contact,PASS,no wording to compare
2026-09-01T07:14:47.270402022Z,33479539475,2.3.1,1.16.5,lang.yml discord.*,discord.death.causes.block-explosion,PASS,no wording to compare
2026-09-01T07:14:47.270420407Z,33479539475,2.3.1,1.16.5,lang.yml discord.*,discord.death.causes.entity-explosion,PASS,no wording to compare
2026-09-01T07:14:47.270479758Z,33479539475,2.3.1,1.16.5,lang.yml discord.*,discord.death.causes.magic,PASS,no wording to compare
2026-09-01T07:14:47.270500837Z,33479539475,2.3.1,1.16.5,lang.yml discord.*,discord.death.causes.poison,PASS,no wording to compare
2026-09-01T07:14:47.270523790Z,33479539475,2.3.1,1.16.5,lang.yml discord.*,discord.death.causes.wither,PASS,no wording to compare
2026-09-01T07:14:47.270586858Z,33479539475,2.3.1,1.16.5,lang.yml discord.*,discord.death.causes.starvation,PASS,no wording to compare
2026-09-01T07:14:47.270613798Z,33479539475,2.3.1,1.16.5,lang.yml discord.*,discord.death.causes.freeze,PROBABLY_FINE,"this server has no such damage cause, so the line cannot be reached here"
2026-09-01T07:14:47.270648663Z,33479539475,2.3.1,1.16.5,lang.yml discord.*,discord.death.causes.lightning,PASS,no wording to compare
2026-09-01T07:14:47.270667769Z,33479539475,2.3.1,1.16.5,lang.yml discord.*,discord.death.causes.hot-floor,PASS,no wording to compare
2026-09-01T07:14:47.270685141Z,33479539475,2.3.1,1.16.5,lang.yml discord.*,discord.death.causes.cramming,PASS,no wording to compare
2026-09-01T07:14:47.270701562Z,33479539475,2.3.1,1.16.5,lang.yml discord.*,discord.death.causes.dragon-breath,PASS,no wording to compare
2026-09-01T07:14:47.270750003Z,33479539475,2.3.1,1.16.5,lang.yml discord.*,discord.death.causes.thorns,PASS,no wording to compare
2026-09-01T07:14:47.270769319Z,33479539475,2.3.1,1.16.5,lang.yml discord.*,discord.death.causes.kill,PROBABLY_FINE,"this server has no such damage cause, so the line cannot be reached here"
2026-09-01T07:14:47.270787232Z,33479539475,2.3.1,1.16.5,lang.yml discord.*,discord.death.causes.suicide,PASS,no wording to compare
2026-09-01T07:14:47.270804004Z,33479539475,2.3.1,1.16.5,lang.yml discord.*,discord.death.causes.world-border,PROBABLY_FINE,"this server has no such damage cause, so the line cannot be reached here"
2026-09-01T07:14:47.270823179Z,33479539475,2.3.1,1.16.5,lang.yml discord.*,discord.death.causes.sonic-boom,PROBABLY_FINE,"this server has no such damage cause, so the line cannot be reached here"
2026-09-01T07:14:47.270840572Z,33479539475,2.3.1,1.16.5,lang.yml discord.*,discord.death.causes.campfire,PROBABLY_FINE,"this server has no such damage cause, so the line cannot be reached here"
2026-09-01T07:14:47.270857684Z,33479539475,2.3.1,1.16.5,lang.yml discord.*,discord.death.causes.falling-block,PASS,no wording to compare
2026-09-01T07:14:47.270874586Z,33479539475,2.3.1,1.16.5,lang.yml discord.*,discord.death.causes.fly-into-wall,PASS,no wording to compare
2026-09-01T07:14:47.270890445Z,33479539475,2.3.1,1.16.5,lang.yml discord.*,discord.death.causes.dryout,PASS,no wording to compare
2026-09-01T07:14:47.270906896Z,33479539475,2.3.1,1.16.5,lang.yml discord.*,discord.death.causes.melting,PASS,no wording to compare
2026-09-01T07:14:47.270923858Z,33479539475,2.3.1,1.16.5,lang.yml discord.*,discord.death.causes.entity-attack,PASS,no wording to compare
2026-09-01T07:14:47.270940399Z,33479539475,2.3.1,1.16.5,lang.yml discord.*,discord.death.causes.entity-sweep-attack,PASS,no wording to compare
2026-09-01T07:14:47.270957110Z,33479539475,2.3.1,1.16.5,lang.yml discord.*,discord.death.causes.projectile,PASS,no wording to compare
2026-09-01T07:14:47.270973320Z,33479539475,2.3.1,1.16.5,lang.yml discord.*,discord.death.causes.custom,PASS,no wording to compare
2026-09-01T07:16:56.142221093Z,33479539475,2.3.1,1.16.5,plain text (embeds off),plain-text.player-join,PASS,no wording to compare
2026-09-01T07:16:56.142277458Z,33479539475,2.3.1,1.16.5,plain text (embeds off),plain-text.player-quit,PASS,no wording to compare
2026-09-01T07:16:56.142296975Z,33479539475,2.3.1,1.16.5,plain text (embeds off),plain-text.player-chat,PASS,no wording to compare
2026-09-01T07:16:56.142310611Z,33479539475,2.3.1,1.16.5,plain text (embeds off),plain-text.player-command,WRONG,"nothing arrived with embeds off, though the same event posts with them on --- last server output --- [07:15:11 INFO]: Build: 2.3.1 (dev) [07:15:11 INFO]: Discord: connected [07:15:11 INFO]: Queue: running [07:15:11 INFO]: Destinations: 1 [07:15:11 INFO]: 1234567890123456789: empty [07:15:11 INFO]: …"
2026-09-01T07:16:56.142324356Z,33479539475,2.3.1,1.16.5,plain text (embeds off),plain-text.player-death,WRONG,the server logged an error: [07:15:43 INFO]: DRIVER-ERROR command: java.lang.reflect.InvocationTargetException --- last server output --- [07:15:11 INFO]: Discord: connected [07:15:11 INFO]: Queue: running [07:15:11 INFO]: Destinations: 1 [07:15:11 INFO]: 1234567890123456789: empty [07:15:11 INFO]:…
2026-09-01T07:16:56.142337300Z,33479539475,2.3.1,1.16.5,plain text (embeds off),plain-text.player-teleport,PASS,no wording to compare
2026-09-01T07:16:56.142348892Z,33479539475,2.3.1,1.16.5,plain text (embeds off),plain-text.player-gamemode,PASS,no wording to compare
2026-09-01T07:16:56.142361015Z,33479539475,2.3.1,1.16.5,plain text (embeds off),plain-text.server-command,PASS,no wording to compare
2026-09-01T07:16:56.142372186Z,33479539475,2.3.1,1.16.5,plain text (embeds off),plain-text.explosion,WRONG,"nothing arrived with embeds off, though the same event posts with them on --- last server output --- [07:15:39 INFO]: [DiscordLogger] `07:15:39, 01:09:2026` - **Player Quit**: Player1 left the server [07:15:39 INFO]: DRIVER-OK quit [07:15:39 INFO]: [DiscordLoggerDriver] DRIVER-OK quit [07:15:41 INF…"
2026-09-01T07:16:56.142384008Z,33479539475,2.3.1,1.16.5,plain text (embeds off),plain-text.moderation-op,PASS,no wording to compare
2026-09-01T07:19:14.196687184Z,33479539475,2.3.1,1.16.5,lang.yml chat.*,chat.prefix,WRONG,'discordlogger reload' did not produce this line --- last server output --- [07:18:04 INFO]: [DiscordLogger] Core loaded. [07:18:04 INFO]: [DiscordLoggerDriver] Enabling DiscordLoggerDriver v1.0-SNAPSHOT* [07:18:04 INFO]: [DiscordLoggerDriver] Acceptance driver ready. [07:18:04 INFO]: Running delay…
2026-09-01T07:19:14.196768977Z,33479539475,2.3.1,1.16.5,lang.yml chat.*,chat.reload-ok,PASS,the rewritten line came back from 'discordlogger reload'
2026-09-01T07:19:14.196788093Z,33479539475,2.3.1,1.16.5,lang.yml chat.*,chat.reload-no-webhook,PASS,the rewritten line came back from 'discordlogger reload'
2026-09-01T07:19:14.196802389Z,33479539475,2.3.1,1.16.5,lang.yml chat.*,chat.reload-no-webhook-hint,PASS,the rewritten line came back from 'discordlogger reload'
2026-09-01T07:19:14.196815594Z,33479539475,2.3.1,1.16.5,lang.yml chat.*,chat.webhook-usage,PASS,the rewritten line came back from 'discordlogger webhook'
2026-09-01T07:19:14.196827987Z,33479539475,2.3.1,1.16.5,lang.yml chat.*,chat.webhook-where,PASS,the rewritten line came back from 'discordlogger webhook'
2026-09-01T07:19:14.196840110Z,33479539475,2.3.1,1.16.5,lang.yml chat.*,chat.webhook-private,WRONG,"'discordlogger webhook' did not produce this line --- last server output --- [07:18:31 ERROR]: [DiscordLogger] Invalid or missing webhook.url in config.yml. [07:18:31 INFO]: Config reloaded, but webhook.url is missing or invalid. [07:18:31 INFO]: DLCHAT17387 [07:18:32 INFO]: [DiscordLogger] Log fil…"
2026-09-01T07:19:14.196853635Z,33479539475,2.3.1,1.16.5,lang.yml chat.*,chat.webhook-invalid,PASS,the rewritten line came back from 'discordlogger webhook http://example.com/not-a-webhook'
2026-09-01T07:19:14.196866840Z,33479539475,2.3.1,1.16.5,lang.yml chat.*,chat.webhook-expected,PASS,the rewritten line came back from 'discordlogger webhook http://example.com/not-a-webhook'
2026-09-01T07:19:14.196879453Z,33479539475,2.3.1,1.16.5,lang.yml chat.*,chat.regen-warning,PASS,the rewritten line came back from 'discordlogger regen'
2026-09-01T07:19:14.196891806Z,33479539475,2.3.1,1.16.5,lang.yml chat.*,chat.regen-confirm,PASS,the rewritten line came back from 'discordlogger regen'
2026-09-01T07:19:14.196904239Z,33479539475,2.3.1,1.16.5,lang.yml chat.*,chat.help-header,PASS,the rewritten line came back from 'discordlogger'
2026-09-01T07:19:14.196916542Z,33479539475,2.3.1,1.16.5,lang.yml chat.*,chat.help-entry,PASS,the rewritten line came back from 'discordlogger'
2026-09-01T07:19:14.196928595Z,33479539475,2.3.1,1.16.5,lang.yml chat.*,chat.unknown-subcommand,PASS,the rewritten line came back from 'discordlogger definitelynotasubcommand'
2026-09-01T06:59:23.224752441Z,33479539475,2.3.1,1.8,filters.* + format.* + embeds.*,log.custom,PASS,no wording to compare
2026-09-01T06:59:23.224942527Z,33479539475,2.3.1,1.8,filters.* + format.* + embeds.*,log.player.death.show_coords,PASS,no wording to compare
2026-09-01T06:59:23.224962447Z,33479539475,2.3.1,1.8,filters.* + format.* + embeds.*,log.player.death.show_coords,PASS,left the location out when switched off
2026-09-01T06:59:23.224991912Z,33479539475,2.3.1,1.8,filters.* + format.* + embeds.*,embeds.author,PASS,no wording to compare
2026-09-01T06:59:23.225006143Z,33479539475,2.3.1,1.8,filters.* + format.* + embeds.*,embeds.enabled,PASS,no wording to compare
2026-09-01T06:59:23.225018932Z,33479539475,2.3.1,1.8,filters.* + format.* + embeds.*,embeds.enabled,PASS,switched to plain text
2026-09-01T06:59:23.225032232Z,33479539475,2.3.1,1.8,filters.* + format.* + embeds.*,filters.exempt_permission,PASS,suppressed the event it was set to suppress
2026-09-01T06:59:23.225045612Z,33479539475,2.3.1,1.8,filters.* + format.* + embeds.*,format.name,PASS,no wording to compare
2026-09-01T06:59:23.225058141Z,33479539475,2.3.1,1.8,filters.* + format.* + embeds.*,format.nicknames,PASS,no wording to compare
2026-09-01T06:59:23.225077931Z,33479539475,2.3.1,1.8,filters.* + format.* + embeds.*,format.nicknames,PASS,used the real name when switched off
2026-09-01T06:59:23.225091391Z,33479539475,2.3.1,1.8,filters.* + format.* + embeds.*,format.placeholders,POTENTIAL_ERROR,a placeholder typed in chat did not survive as written; expansion of player-supplied text would be a leak
2026-09-01T06:59:23.225105262Z,33479539475,2.3.1,1.8,filters.* + format.* + embeds.*,format.time,PASS,no wording to compare
2026-09-01T06:59:23.225118131Z,33479539475,2.3.1,1.8,filters.* + format.* + embeds.*,filters.ignored_advancements,PASS,suppressed the event it was set to suppress
2026-09-01T06:59:23.225130450Z,33479539475,2.3.1,1.8,filters.* + format.* + embeds.*,filters.ignored_chat_containing,PASS,suppressed the event it was set to suppress
2026-09-01T06:59:23.225143600Z,33479539475,2.3.1,1.8,filters.* + format.* + embeds.*,filters.ignored_commands,PASS,suppressed the event it was set to suppress
2026-09-01T06:59:23.225156169Z,33479539475,2.3.1,1.8,filters.* + format.* + embeds.*,filters.ignored_death_causes,PASS,suppressed the event it was set to suppress
2026-09-01T06:59:23.225226274Z,33479539475,2.3.1,1.8,filters.* + format.* + embeds.*,filters.ignored_explosion_sources,PASS,suppressed the event it was set to suppress
2026-09-01T06:59:23.225239394Z,33479539475,2.3.1,1.8,filters.* + format.* + embeds.*,filters.ignored_players,PASS,suppressed the event it was set to suppress
2026-09-01T06:59:23.225252003Z,33479539475,2.3.1,1.8,filters.* + format.* + embeds.*,filters.ignored_teleport_causes,PASS,suppressed the event it was set to suppress
2026-09-01T06:59:23.225264462Z,33479539475,2.3.1,1.8,filters.* + format.* + embeds.*,filters.ignored_worlds,PASS,suppressed the event it was set to suppress
2026-09-01T06:59:23.225279394Z,33479539475,2.3.1,1.8,filters.* + format.* + embeds.*,log.player.join.show_platform,PASS,logged a Java join cleanly; the Bedrock flag itself needs Floodgate and is not driveable here
2026-09-01T06:59:23.225292284Z,33479539475,2.3.1,1.8,filters.* + format.* + embeds.*,filters.minimum_chat_length,PASS,suppressed the event it was set to suppress
2026-09-01T06:59:23.225305974Z,33479539475,2.3.1,1.8,filters.* + format.* + embeds.*,filters.minimum_explosion_blocks,PASS,suppressed the event it was set to suppress
2026-09-01T06:59:23.225317872Z,33479539475,2.3.1,1.8,filters.* + format.* + embeds.*,filters.minimum_teleport_distance,PASS,suppressed the event it was set to suppress
2026-09-01T06:59:23.225329850Z,33479539475,2.3.1,1.8,filters.* + format.* + embeds.*,filters.only_log_commands,PASS,suppressed the event it was set to suppress
2026-09-01T06:59:23.225341397Z,33479539475,2.3.1,1.8,filters.* + format.* + embeds.*,filters.respect_vanish,PASS,suppressed the event it was set to suppress
2026-09-01T06:59:23.225353155Z,33479539475,2.3.1,1.8,filters.* + format.* + embeds.*,webhook.url,PASS,every event followed the main webhook when it changed
2026-09-01T07:03:30.979701445Z,33479539475,2.3.1,1.8,log.server.* + log.moderation.*,log.server.command.color,PASS,no wording to compare
2026-09-01T07:03:30.979766263Z,33479539475,2.3.1,1.8,log.server.* + log.moderation.*,log.server.explosion.color,PASS,no wording to compare
2026-09-01T07:03:30.979781846Z,33479539475,2.3.1,1.8,log.server.* + log.moderation.*,log.moderation.ban.color,PASS,no wording to compare
2026-09-01T07:03:30.979794606Z,33479539475,2.3.1,1.8,log.server.* + log.moderation.*,log.moderation.unban.color,PASS,no wording to compare
2026-09-01T07:03:30.979813604Z,33479539475,2.3.1,1.8,log.server.* + log.moderation.*,log.moderation.op.color,PASS,no wording to compare
2026-09-01T07:03:30.979828416Z,33479539475,2.3.1,1.8,log.server.* + log.moderation.*,log.moderation.deop.color,PASS,no wording to compare
2026-09-01T07:03:30.979839453Z,33479539475,2.3.1,1.8,log.server.* + log.moderation.*,log.moderation.whitelist_toggle.color,PASS,no wording to compare
2026-09-01T07:03:30.979850209Z,33479539475,2.3.1,1.8,log.server.* + log.moderation.*,log.moderation.whitelist_edit.color,PASS,no wording to compare
2026-09-01T07:03:30.979860645Z,33479539475,2.3.1,1.8,log.server.* + log.moderation.*,log.server.command.enabled,PASS,correctly sent nothing
2026-09-01T07:03:30.979870930Z,33479539475,2.3.1,1.8,log.server.* + log.moderation.*,log.server.explosion.enabled,PASS,correctly sent nothing
2026-09-01T07:03:30.979881616Z,33479539475,2.3.1,1.8,log.server.* + log.moderation.*,log.moderation.ban.enabled,PASS,correctly sent nothing
2026-09-01T07:03:30.979898151Z,33479539475,2.3.1,1.8,log.server.* + log.moderation.*,log.moderation.unban.enabled,PASS,correctly sent nothing
2026-09-01T07:03:30.979912102Z,33479539475,2.3.1,1.8,log.server.* + log.moderation.*,log.moderation.op.enabled,PASS,correctly sent nothing
2026-09-01T07:03:30.979922538Z,33479539475,2.3.1,1.8,log.server.* + log.moderation.*,log.moderation.deop.enabled,PASS,correctly sent nothing
2026-09-01T07:03:30.979933935Z,33479539475,2.3.1,1.8,log.server.* + log.moderation.*,log.moderation.whitelist_toggle.enabled,PASS,correctly sent nothing
2026-09-01T07:03:30.979944100Z,33479539475,2.3.1,1.8,log.server.* + log.moderation.*,log.moderation.whitelist_edit.enabled,PASS,correctly sent nothing
2026-09-01T07:03:30.979954266Z,33479539475,2.3.1,1.8,log.server.* + log.moderation.*,log.server.command.enabled,PASS,no wording to compare
2026-09-01T07:03:30.979982128Z,33479539475,2.3.1,1.8,log.server.* + log.moderation.*,log.server.explosion.enabled,PASS,no wording to compare
2026-09-01T07:03:30.979995588Z,33479539475,2.3.1,1.8,log.server.* + log.moderation.*,log.moderation.ban.enabled,PASS,no wording to compare
2026-09-01T07:03:30.980010240Z,33479539475,2.3.1,1.8,log.server.* + log.moderation.*,log.moderation.unban.enabled,PASS,no wording to compare
2026-09-01T07:03:30.980020876Z,33479539475,2.3.1,1.8,log.server.* + log.moderation.*,log.moderation.op.enabled,PASS,no wording to compare
2026-09-01T07:03:30.980032023Z,33479539475,2.3.1,1.8,log.server.* + log.moderation.*,log.moderation.deop.enabled,PASS,no wording to compare
2026-09-01T07:03:30.980042398Z,33479539475,2.3.1,1.8,log.server.* + log.moderation.*,log.moderation.whitelist_toggle.enabled,PASS,no wording to compare
2026-09-01T07:03:30.980052453Z,33479539475,2.3.1,1.8,log.server.* + log.moderation.*,log.moderation.whitelist_edit.enabled,PASS,no wording to compare
2026-09-01T07:03:30.980062919Z,33479539475,2.3.1,1.8,log.server.* + log.moderation.*,log.moderation.kick.enabled,POTENTIAL_ERROR,"a real kick needs a connected client, which this harness cannot provide; both halves of the listener ran without faulting"
2026-09-01T07:03:30.980079594Z,33479539475,2.3.1,1.8,log.server.* + log.moderation.*,log.moderation.kick.color,POTENTIAL_ERROR,"a real kick needs a connected client, which this harness cannot provide; both halves of the listener ran without faulting"
2026-09-01T07:03:30.980093806Z,33479539475,2.3.1,1.8,log.server.* + log.moderation.*,log.moderation.kick.webhook,POTENTIAL_ERROR,"a real kick needs a connected client, which this harness cannot provide; both halves of the listener ran without faulting"
2026-09-01T07:03:30.980104452Z,33479539475,2.3.1,1.8,log.server.* + log.moderation.*,log.server.command.webhook,PASS,routed to its own webhook
2026-09-01T07:03:30.980114747Z,33479539475,2.3.1,1.8,log.server.* + log.moderation.*,log.server.explosion.webhook,PASS,routed to its own webhook
2026-09-01T07:03:30.980124902Z,33479539475,2.3.1,1.8,log.server.* + log.moderation.*,log.moderation.ban.webhook,PASS,routed to its own webhook
2026-09-01T07:03:30.980134857Z,33479539475,2.3.1,1.8,log.server.* + log.moderation.*,log.moderation.unban.webhook,PASS,routed to its own webhook
2026-09-01T07:03:30.980144932Z,33479539475,2.3.1,1.8,log.server.* + log.moderation.*,log.moderation.op.webhook,PASS,routed to its own webhook
2026-09-01T07:03:30.980162299Z,33479539475,2.3.1,1.8,log.server.* + log.moderation.*,log.moderation.deop.webhook,PASS,routed to its own webhook
2026-09-01T07:03:30.980175949Z,33479539475,2.3.1,1.8,log.server.* + log.moderation.*,log.moderation.whitelist_toggle.webhook,PASS,routed to its own webhook
2026-09-01T07:03:30.980288909Z,33479539475,2.3.1,1.8,log.server.* + log.moderation.*,log.moderation.whitelist_edit.webhook,PASS,routed to its own webhook
2026-09-01T07:04:32.639455069Z,33479539475,2.3.1,1.8,log.server.start/stop,log.server.stop.enabled,PASS,no wording to compare
2026-09-01T07:04:32.639503932Z,33479539475,2.3.1,1.8,log.server.start/stop,log.server.stop.color,PASS,no wording to compare
2026-09-01T07:04:32.639538004Z,33479539475,2.3.1,1.8,log.server.start/stop,log.server.start.enabled,PASS,no wording to compare
2026-09-01T07:04:32.639552475Z,33479539475,2.3.1,1.8,log.server.start/stop,log.server.start.color,PASS,no wording to compare
2026-09-01T07:04:32.639562841Z,33479539475,2.3.1,1.8,log.server.start/stop,log.server.stop.webhook,PASS,routed to its own webhook
2026-09-01T07:04:32.639572806Z,33479539475,2.3.1,1.8,log.server.start/stop,log.server.start.webhook,PASS,routed to its own webhook
2026-09-01T07:04:32.639582320Z,33479539475,2.3.1,1.8,log.server.start/stop,log.server.stop.enabled,PASS,correctly sent nothing
2026-09-01T07:04:32.639591804Z,33479539475,2.3.1,1.8,log.server.start/stop,log.server.start.enabled,PASS,correctly sent nothing
2026-09-01T07:07:36.399590262Z,33479539475,2.3.1,1.8,log.player.*,log.player.join.color,PASS,no wording to compare
2026-09-01T07:07:36.399664123Z,33479539475,2.3.1,1.8,log.player.*,log.player.quit.color,PASS,no wording to compare
2026-09-01T07:07:36.399679446Z,33479539475,2.3.1,1.8,log.player.*,log.player.chat.color,PASS,no wording to compare
2026-09-01T07:07:36.399691074Z,33479539475,2.3.1,1.8,log.player.*,log.player.gamemode.color,PASS,no wording to compare
2026-09-01T07:07:36.399722761Z,33479539475,2.3.1,1.8,log.player.*,log.player.teleport.color,PASS,no wording to compare
2026-09-01T07:07:36.399738084Z,33479539475,2.3.1,1.8,log.player.*,log.player.death.color,PASS,no wording to compare
2026-09-01T07:07:36.399751955Z,33479539475,2.3.1,1.8,log.player.*,log.player.advancement.color,PASS,no wording to compare
2026-09-01T07:07:36.399765275Z,33479539475,2.3.1,1.8,log.player.*,log.player.join.enabled,PASS,correctly sent nothing
2026-09-01T07:07:36.399778055Z,33479539475,2.3.1,1.8,log.player.*,log.player.quit.enabled,PASS,correctly sent nothing
2026-09-01T07:07:36.399790734Z,33479539475,2.3.1,1.8,log.player.*,log.player.chat.enabled,PASS,correctly sent nothing
2026-09-01T07:07:36.399803393Z,33479539475,2.3.1,1.8,log.player.*,log.player.gamemode.enabled,PASS,correctly sent nothing
2026-09-01T07:07:36.399815892Z,33479539475,2.3.1,1.8,log.player.*,log.player.teleport.enabled,PASS,correctly sent nothing
2026-09-01T07:07:36.399827940Z,33479539475,2.3.1,1.8,log.player.*,log.player.death.enabled,PASS,correctly sent nothing
2026-09-01T07:07:36.399847078Z,33479539475,2.3.1,1.8,log.player.*,log.player.advancement.enabled,PASS,correctly sent nothing
2026-09-01T07:07:36.399859397Z,33479539475,2.3.1,1.8,log.player.*,log.player.join.enabled,PASS,no wording to compare
2026-09-01T07:07:36.399871175Z,33479539475,2.3.1,1.8,log.player.*,log.player.quit.enabled,PASS,no wording to compare
2026-09-01T07:07:36.399882692Z,33479539475,2.3.1,1.8,log.player.*,log.player.chat.enabled,PASS,no wording to compare
2026-09-01T07:07:36.399894330Z,33479539475,2.3.1,1.8,log.player.*,log.player.gamemode.enabled,PASS,no wording to compare
2026-09-01T07:07:36.399906147Z,33479539475,2.3.1,1.8,log.player.*,log.player.teleport.enabled,PASS,no wording to compare
2026-09-01T07:07:36.399917795Z,33479539475,2.3.1,1.8,log.player.*,log.player.death.enabled,PASS,no wording to compare
2026-09-01T07:07:36.399928631Z,33479539475,2.3.1,1.8,log.player.*,log.player.advancement.enabled,PASS,no wording to compare
2026-09-01T07:07:36.399939367Z,33479539475,2.3.1,1.8,log.player.*,log.player.join.webhook,PASS,routed to its own webhook
2026-09-01T07:07:36.399950855Z,33479539475,2.3.1,1.8,log.player.*,log.player.quit.webhook,PASS,routed to its own webhook
2026-09-01T07:07:36.399972437Z,33479539475,2.3.1,1.8,log.player.*,log.player.chat.webhook,PASS,routed to its own webhook
2026-09-01T07:07:36.399984625Z,33479539475,2.3.1,1.8,log.player.*,log.player.gamemode.webhook,PASS,routed to its own webhook
2026-09-01T07:07:36.399997635Z,33479539475,2.3.1,1.8,log.player.*,log.player.teleport.webhook,PASS,routed to its own webhook
2026-09-01T07:07:36.400009553Z,33479539475,2.3.1,1.8,log.player.*,log.player.death.webhook,PASS,routed to its own webhook
2026-09-01T07:07:36.400022212Z,33479539475,2.3.1,1.8,log.player.*,log.player.advancement.webhook,PASS,routed to its own webhook
2026-09-01T07:16:36.287701649Z,33479539475,2.3.1,1.8,lang.yml discord.*,discord.player-join,PASS,no wording to compare
2026-09-01T07:16:36.287752185Z,33479539475,2.3.1,1.8,lang.yml discord.*,discord.player-quit,PASS,no wording to compare
2026-09-01T07:16:36.287766587Z,33479539475,2.3.1,1.8,lang.yml discord.*,discord.player-chat,PASS,no wording to compare
2026-09-01T07:16:36.287778284Z,33479539475,2.3.1,1.8,lang.yml discord.*,discord.player-command,WRONG,the server logged an error: [07:08:26 INFO]: DRIVER-ERROR command: java.lang.reflect.InvocationTargetException --- last server output --- [07:07:51 INFO]: 1234567890123456789: empty [07:07:51 INFO]: Custom log rules: 0 [07:07:51 INFO]: PlaceholderAPI: not installed [07:07:51 INFO]: DRIVER-OK join […
2026-09-01T07:16:36.287790613Z,33479539475,2.3.1,1.8,lang.yml discord.*,discord.server-command,PASS,no wording to compare
2026-09-01T07:16:36.287803001Z,33479539475,2.3.1,1.8,lang.yml discord.*,discord.death.description,PASS,no wording to compare
2026-09-01T07:16:36.287815400Z,33479539475,2.3.1,1.8,lang.yml discord.*,discord.death.cause-field,PASS,no wording to compare
2026-09-01T07:16:36.287826216Z,33479539475,2.3.1,1.8,lang.yml discord.*,discord.death.coords-field,PASS,no wording to compare
2026-09-01T07:16:36.287836121Z,33479539475,2.3.1,1.8,lang.yml discord.*,discord.death.coords-value,PASS,no wording to compare
2026-09-01T07:16:36.287845365Z,33479539475,2.3.1,1.8,lang.yml discord.*,discord.death.slain-by-player,PASS,no wording to compare
2026-09-01T07:16:36.287854870Z,33479539475,2.3.1,1.8,lang.yml discord.*,discord.death.slain-by-mob,PASS,no wording to compare
2026-09-01T07:16:36.287864814Z,33479539475,2.3.1,1.8,lang.yml discord.*,discord.death.shot-by,WRONG,the server logged an error: org.bukkit.event.EventException --- last server output --- at com.discordlogger.driver.DriverPlugin.fireBestEffort(DriverPlugin.java:476) [DiscordLoggerDriver.jar:?] at com.discordlogger.driver.DriverPlugin.fireDeaths(DriverPlugin.java:199) [DiscordLoggerDriver.jar:?] at…
2026-09-01T07:16:36.287876903Z,33479539475,2.3.1,1.8,lang.yml discord.*,discord.death.shot,WRONG,the server logged an error: org.bukkit.event.EventException --- last server output --- at com.discordlogger.driver.DriverPlugin.fireBestEffort(DriverPlugin.java:476) [DiscordLoggerDriver.jar:?] at com.discordlogger.driver.DriverPlugin.fireDeaths(DriverPlugin.java:199) [DiscordLoggerDriver.jar:?] at…
2026-09-01T07:16:36.287887789Z,33479539475,2.3.1,1.8,lang.yml discord.*,discord.death.unknown,PASS,no wording to compare
2026-09-01T07:16:36.287896933Z,33479539475,2.3.1,1.8,lang.yml discord.*,discord.death.causes.fall,PASS,no wording to compare
2026-09-01T07:16:36.287905646Z,33479539475,2.3.1,1.8,lang.yml discord.*,discord.death.causes.lava,PASS,no wording to compare
2026-09-01T07:16:36.287917524Z,33479539475,2.3.1,1.8,lang.yml discord.*,discord.death.causes.fire,PASS,no wording to compare
2026-09-01T07:16:36.287926798Z,33479539475,2.3.1,1.8,lang.yml discord.*,discord.death.causes.fire-tick,PASS,no wording to compare
2026-09-01T07:16:36.287936813Z,33479539475,2.3.1,1.8,lang.yml discord.*,discord.death.causes.drowning,PASS,no wording to compare
2026-09-01T07:16:36.287946988Z,33479539475,2.3.1,1.8,lang.yml discord.*,discord.death.causes.suffocation,PASS,no wording to compare
2026-09-01T07:16:36.287955601Z,33479539475,2.3.1,1.8,lang.yml discord.*,discord.death.causes.void,PASS,no wording to compare
2026-09-01T07:16:36.287964314Z,33479539475,2.3.1,1.8,lang.yml discord.*,discord.death.causes.contact,PASS,no wording to compare
2026-09-01T07:16:36.287972737Z,33479539475,2.3.1,1.8,lang.yml discord.*,discord.death.causes.block-explosion,PASS,no wording to compare
2026-09-01T07:16:36.287981490Z,33479539475,2.3.1,1.8,lang.yml discord.*,discord.death.causes.entity-explosion,PASS,no wording to compare
2026-09-01T07:16:36.287991105Z,33479539475,2.3.1,1.8,lang.yml discord.*,discord.death.causes.magic,PASS,no wording to compare
2026-09-01T07:16:36.288018356Z,33479539475,2.3.1,1.8,lang.yml discord.*,discord.death.causes.poison,PASS,no wording to compare
2026-09-01T07:16:36.288030544Z,33479539475,2.3.1,1.8,lang.yml discord.*,discord.death.causes.wither,PASS,no wording to compare
2026-09-01T07:16:36.288041941Z,33479539475,2.3.1,1.8,lang.yml discord.*,discord.death.causes.starvation,PASS,no wording to compare
2026-09-01T07:16:36.288091065Z,33479539475,2.3.1,1.8,lang.yml discord.*,discord.death.causes.freeze,PROBABLY_FINE,"this server has no such damage cause, so the line cannot be reached here"
2026-09-01T07:16:36.288106428Z,33479539475,2.3.1,1.8,lang.yml discord.*,discord.death.causes.lightning,PASS,no wording to compare
2026-09-01T07:16:36.288172037Z,33479539475,2.3.1,1.8,lang.yml discord.*,discord.death.causes.hot-floor,PROBABLY_FINE,"this server has no such damage cause, so the line cannot be reached here"
2026-09-01T07:16:36.288186098Z,33479539475,2.3.1,1.8,lang.yml discord.*,discord.death.causes.cramming,PROBABLY_FINE,"this server has no such damage cause, so the line cannot be reached here"
2026-09-01T07:16:36.288197405Z,33479539475,2.3.1,1.8,lang.yml discord.*,discord.death.causes.dragon-breath,PROBABLY_FINE,"this server has no such damage cause, so the line cannot be reached here"
2026-09-01T07:16:36.288209073Z,33479539475,2.3.1,1.8,lang.yml discord.*,discord.death.causes.thorns,PASS,no wording to compare
2026-09-01T07:16:36.288220279Z,33479539475,2.3.1,1.8,lang.yml discord.*,discord.death.causes.kill,PROBABLY_FINE,"this server has no such damage cause, so the line cannot be reached here"
2026-09-01T07:16:36.288231346Z,33479539475,2.3.1,1.8,lang.yml discord.*,discord.death.causes.suicide,PASS,no wording to compare
2026-09-01T07:16:36.288242102Z,33479539475,2.3.1,1.8,lang.yml discord.*,discord.death.causes.world-border,PROBABLY_FINE,"this server has no such damage cause, so the line cannot be reached here"
2026-09-01T07:16:36.288253349Z,33479539475,2.3.1,1.8,lang.yml discord.*,discord.death.causes.sonic-boom,PROBABLY_FINE,"this server has no such damage cause, so the line cannot be reached here"
2026-09-01T07:16:36.288266229Z,33479539475,2.3.1,1.8,lang.yml discord.*,discord.death.causes.campfire,PROBABLY_FINE,"this server has no such damage cause, so the line cannot be reached here"
2026-09-01T07:16:36.288276975Z,33479539475,2.3.1,1.8,lang.yml discord.*,discord.death.causes.falling-block,PASS,no wording to compare
2026-09-01T07:16:36.288288252Z,33479539475,2.3.1,1.8,lang.yml discord.*,discord.death.causes.fly-into-wall,PROBABLY_FINE,"this server has no such damage cause, so the line cannot be reached here"
2026-09-01T07:16:36.288299348Z,33479539475,2.3.1,1.8,lang.yml discord.*,discord.death.causes.dryout,PROBABLY_FINE,"this server has no such damage cause, so the line cannot be reached here"
2026-09-01T07:16:36.288310014Z,33479539475,2.3.1,1.8,lang.yml discord.*,discord.death.causes.melting,PASS,no wording to compare
2026-09-01T07:16:36.288321231Z,33479539475,2.3.1,1.8,lang.yml discord.*,discord.death.causes.entity-attack,PASS,no wording to compare
2026-09-01T07:16:36.288331286Z,33479539475,2.3.1,1.8,lang.yml discord.*,discord.death.causes.entity-sweep-attack,PROBABLY_FINE,"this server has no such damage cause, so the line cannot be reached here"
2026-09-01T07:16:36.288342694Z,33479539475,2.3.1,1.8,lang.yml discord.*,discord.death.causes.projectile,PASS,no wording to compare
2026-09-01T07:16:36.288354371Z,33479539475,2.3.1,1.8,lang.yml discord.*,discord.death.causes.custom,PASS,no wording to compare
2026-09-01T07:18:34.820966448Z,33479539475,2.3.1,1.8,plain text (embeds off),plain-text.player-join,PASS,no wording to compare
2026-09-01T07:18:34.821018717Z,33479539475,2.3.1,1.8,plain text (embeds off),plain-text.player-quit,PASS,no wording to compare
2026-09-01T07:18:34.821035452Z,33479539475,2.3.1,1.8,plain text (embeds off),plain-text.player-chat,PASS,no wording to compare
2026-09-01T07:18:34.821049323Z,33479539475,2.3.1,1.8,plain text (embeds off),plain-text.player-command,WRONG,"nothing arrived with embeds off, though the same event posts with them on --- last server output --- [07:16:50 INFO]: Build: 2.3.1 (dev) [07:16:50 INFO]: Discord: connected [07:16:50 INFO]: Queue: running [07:16:50 INFO]: Destinations: 1 [07:16:50 INFO]: 1234567890123456789: empty [07:16:50 INFO]: …"
2026-09-01T07:18:34.821064185Z,33479539475,2.3.1,1.8,plain text (embeds off),plain-text.player-death,WRONG,the server logged an error: [07:17:22 INFO]: DRIVER-ERROR command: java.lang.reflect.InvocationTargetException --- last server output --- [07:16:50 INFO]: Discord: connected [07:16:50 INFO]: Queue: running [07:16:50 INFO]: Destinations: 1 [07:16:50 INFO]: 1234567890123456789: empty [07:16:50 INFO]:…
2026-09-01T07:18:34.821078507Z,33479539475,2.3.1,1.8,plain text (embeds off),plain-text.player-teleport,PASS,no wording to compare
2026-09-01T07:18:34.821090134Z,33479539475,2.3.1,1.8,plain text (embeds off),plain-text.player-gamemode,PASS,no wording to compare
2026-09-01T07:18:34.821101812Z,33479539475,2.3.1,1.8,plain text (embeds off),plain-text.server-command,PASS,no wording to compare
2026-09-01T07:18:34.821115462Z,33479539475,2.3.1,1.8,plain text (embeds off),plain-text.explosion,WRONG,"nothing arrived with embeds off, though the same event posts with them on --- last server output --- [07:17:18 INFO]: [DiscordLogger] `07:17:18, 01:09:2026` - **Player Quit**: Player1 left the server [07:17:18 INFO]: DRIVER-OK quit [07:17:18 INFO]: [DiscordLoggerDriver] DRIVER-OK quit [07:17:20 INF…"
2026-09-01T07:18:34.821129223Z,33479539475,2.3.1,1.8,plain text (embeds off),plain-text.moderation-op,PASS,no wording to compare
2026-09-01T07:20:34.254143531Z,33479539475,2.3.1,1.8,lang.yml chat.*,chat.prefix,WRONG,"'discordlogger reload' did not produce this line --- last server output --- [07:19:24 INFO]: [DiscordLogger] Block explosions (beds, respawn anchors) need Minecraft 1.8.3, so they are not logged here. Explosions with an entity behind them -- creepers, TNT -- still are. [07:19:24 INFO]: [DiscordLogg…"
2026-09-01T07:20:34.254192144Z,33479539475,2.3.1,1.8,lang.yml chat.*,chat.reload-ok,PASS,the rewritten line came back from 'discordlogger reload'
2026-09-01T07:20:34.254207677Z,33479539475,2.3.1,1.8,lang.yml chat.*,chat.reload-no-webhook,PASS,the rewritten line came back from 'discordlogger reload'
2026-09-01T07:20:34.254218293Z,33479539475,2.3.1,1.8,lang.yml chat.*,chat.reload-no-webhook-hint,PASS,the rewritten line came back from 'discordlogger reload'
2026-09-01T07:20:34.254227587Z,33479539475,2.3.1,1.8,lang.yml chat.*,chat.webhook-usage,PASS,the rewritten line came back from 'discordlogger webhook'
2026-09-01T07:20:34.254236020Z,33479539475,2.3.1,1.8,lang.yml chat.*,chat.webhook-where,PASS,the rewritten line came back from 'discordlogger webhook'
2026-09-01T07:20:34.254244222Z,33479539475,2.3.1,1.8,lang.yml chat.*,chat.webhook-private,WRONG,"'discordlogger webhook' did not produce this line --- last server output --- [07:19:51 ERROR]: [DiscordLogger] Invalid or missing webhook.url in config.yml. [07:19:51 INFO]: Config reloaded, but webhook.url is missing or invalid. [07:19:51 INFO]: DLCHAT17387 [07:19:52 INFO]: [DiscordLogger] Log fil…"
2026-09-01T07:20:34.254253917Z,33479539475,2.3.1,1.8,lang.yml chat.*,chat.webhook-invalid,PASS,the rewritten line came back from 'discordlogger webhook http://example.com/not-a-webhook'
2026-09-01T07:20:34.254261939Z,33479539475,2.3.1,1.8,lang.yml chat.*,chat.webhook-expected,PASS,the rewritten line came back from 'discordlogger webhook http://example.com/not-a-webhook'
2026-09-01T07:20:34.254269941Z,33479539475,2.3.1,1.8,lang.yml chat.*,chat.regen-warning,PASS,the rewritten line came back from 'discordlogger regen'
2026-09-01T07:20:34.254277813Z,33479539475,2.3.1,1.8,lang.yml chat.*,chat.regen-confirm,PASS,the rewritten line came back from 'discordlogger regen'
2026-09-01T07:20:34.254285925Z,33479539475,2.3.1,1.8,lang.yml chat.*,chat.help-header,PASS,the rewritten line came back from 'discordlogger'
2026-09-01T07:20:34.254294097Z,33479539475,2.3.1,1.8,lang.yml chat.*,chat.help-entry,PASS,the rewritten line came back from 'discordlogger'
2026-09-01T07:20:34.254301989Z,33479539475,2.3.1,1.8,lang.yml chat.*,chat.unknown-subcommand,PASS,the rewritten line came back from 'discordlogger definitelynotasubcommand'
2026-09-01T06:59:36.840191272Z,33479539475,2.3.1,1.8.8,filters.* + format.* + embeds.*,log.custom,PASS,no wording to compare
2026-09-01T06:59:36.840419970Z,33479539475,2.3.1,1.8.8,filters.* + format.* + embeds.*,log.player.death.show_coords,PASS,no wording to compare
2026-09-01T06:59:36.840441110Z,33479539475,2.3.1,1.8.8,filters.* + format.* + embeds.*,log.player.death.show_coords,PASS,left the location out when switched off
2026-09-01T06:59:36.840483659Z,33479539475,2.3.1,1.8.8,filters.* + format.* + embeds.*,embeds.author,PASS,no wording to compare
2026-09-01T06:59:36.840503066Z,33479539475,2.3.1,1.8.8,filters.* + format.* + embeds.*,embeds.enabled,PASS,no wording to compare
2026-09-01T06:59:36.840517392Z,33479539475,2.3.1,1.8.8,filters.* + format.* + embeds.*,embeds.enabled,PASS,switched to plain text
2026-09-01T06:59:36.840531599Z,33479539475,2.3.1,1.8.8,filters.* + format.* + embeds.*,filters.exempt_permission,PASS,suppressed the event it was set to suppress
2026-09-01T06:59:36.840545475Z,33479539475,2.3.1,1.8.8,filters.* + format.* + embeds.*,format.name,PASS,no wording to compare
2026-09-01T06:59:36.840559471Z,33479539475,2.3.1,1.8.8,filters.* + format.* + embeds.*,format.nicknames,PASS,no wording to compare
2026-09-01T06:59:36.840573077Z,33479539475,2.3.1,1.8.8,filters.* + format.* + embeds.*,format.nicknames,PASS,used the real name when switched off
2026-09-01T06:59:36.840587243Z,33479539475,2.3.1,1.8.8,filters.* + format.* + embeds.*,format.placeholders,POTENTIAL_ERROR,a placeholder typed in chat did not survive as written; expansion of player-supplied text would be a leak
2026-09-01T06:59:36.840601129Z,33479539475,2.3.1,1.8.8,filters.* + format.* + embeds.*,format.time,PASS,no wording to compare
2026-09-01T06:59:36.840615065Z,33479539475,2.3.1,1.8.8,filters.* + format.* + embeds.*,filters.ignored_advancements,PASS,suppressed the event it was set to suppress
2026-09-01T06:59:36.840685197Z,33479539475,2.3.1,1.8.8,filters.* + format.* + embeds.*,filters.ignored_chat_containing,PASS,suppressed the event it was set to suppress
2026-09-01T06:59:36.840701407Z,33479539475,2.3.1,1.8.8,filters.* + format.* + embeds.*,filters.ignored_commands,PASS,suppressed the event it was set to suppress
2026-09-01T06:59:36.840715293Z,33479539475,2.3.1,1.8.8,filters.* + format.* + embeds.*,filters.ignored_death_causes,PASS,suppressed the event it was set to suppress
2026-09-01T06:59:36.840728828Z,33479539475,2.3.1,1.8.8,filters.* + format.* + embeds.*,filters.ignored_explosion_sources,PASS,suppressed the event it was set to suppress
2026-09-01T06:59:36.840742353Z,33479539475,2.3.1,1.8.8,filters.* + format.* + embeds.*,filters.ignored_players,PASS,suppressed the event it was set to suppress
2026-09-01T06:59:36.840755809Z,33479539475,2.3.1,1.8.8,filters.* + format.* + embeds.*,filters.ignored_teleport_causes,PASS,suppressed the event it was set to suppress
2026-09-01T06:59:36.840800593Z,33479539475,2.3.1,1.8.8,filters.* + format.* + embeds.*,filters.ignored_worlds,PASS,suppressed the event it was set to suppress
2026-09-01T06:59:36.840823786Z,33479539475,2.3.1,1.8.8,filters.* + format.* + embeds.*,log.player.join.show_platform,PASS,logged a Java join cleanly; the Bedrock flag itself needs Floodgate and is not driveable here
2026-09-01T06:59:36.840842812Z,33479539475,2.3.1,1.8.8,filters.* + format.* + embeds.*,filters.minimum_chat_length,PASS,suppressed the event it was set to suppress
2026-09-01T06:59:36.840859112Z,33479539475,2.3.1,1.8.8,filters.* + format.* + embeds.*,filters.minimum_explosion_blocks,PASS,suppressed the event it was set to suppress
2026-09-01T06:59:36.840874962Z,33479539475,2.3.1,1.8.8,filters.* + format.* + embeds.*,filters.minimum_teleport_distance,PASS,suppressed the event it was set to suppress
2026-09-01T06:59:36.840890481Z,33479539475,2.3.1,1.8.8,filters.* + format.* + embeds.*,filters.only_log_commands,PASS,suppressed the event it was set to suppress
2026-09-01T06:59:36.840906932Z,33479539475,2.3.1,1.8.8,filters.* + format.* + embeds.*,filters.respect_vanish,PASS,suppressed the event it was set to suppress
2026-09-01T06:59:36.840926488Z,33479539475,2.3.1,1.8.8,filters.* + format.* + embeds.*,webhook.url,PASS,every event followed the main webhook when it changed
2026-09-01T07:03:47.369956775Z,33479539475,2.3.1,1.8.8,log.server.* + log.moderation.*,log.server.command.color,PASS,no wording to compare
2026-09-01T07:03:47.370005687Z,33479539475,2.3.1,1.8.8,log.server.* + log.moderation.*,log.server.explosion.color,PASS,no wording to compare
2026-09-01T07:03:47.370021537Z,33479539475,2.3.1,1.8.8,log.server.* + log.moderation.*,log.moderation.ban.color,PASS,no wording to compare
2026-09-01T07:03:47.370035783Z,33479539475,2.3.1,1.8.8,log.server.* + log.moderation.*,log.moderation.unban.color,PASS,no wording to compare
2026-09-01T07:03:47.370051633Z,33479539475,2.3.1,1.8.8,log.server.* + log.moderation.*,log.moderation.op.color,PASS,no wording to compare
2026-09-01T07:03:47.370066410Z,33479539475,2.3.1,1.8.8,log.server.* + log.moderation.*,log.moderation.deop.color,PASS,no wording to compare
2026-09-01T07:03:47.370079806Z,33479539475,2.3.1,1.8.8,log.server.* + log.moderation.*,log.moderation.whitelist_toggle.color,PASS,no wording to compare
2026-09-01T07:03:47.370093051Z,33479539475,2.3.1,1.8.8,log.server.* + log.moderation.*,log.moderation.whitelist_edit.color,PASS,no wording to compare
2026-09-01T07:03:47.370106055Z,33479539475,2.3.1,1.8.8,log.server.* + log.moderation.*,log.server.command.enabled,PASS,correctly sent nothing
2026-09-01T07:03:47.370119039Z,33479539475,2.3.1,1.8.8,log.server.* + log.moderation.*,log.server.explosion.enabled,PASS,correctly sent nothing
2026-09-01T07:03:47.370132304Z,33479539475,2.3.1,1.8.8,log.server.* + log.moderation.*,log.moderation.ban.enabled,PASS,correctly sent nothing
2026-09-01T07:03:47.370145198Z,33479539475,2.3.1,1.8.8,log.server.* + log.moderation.*,log.moderation.unban.enabled,PASS,correctly sent nothing
2026-09-01T07:03:47.370158022Z,33479539475,2.3.1,1.8.8,log.server.* + log.moderation.*,log.moderation.op.enabled,PASS,correctly sent nothing
2026-09-01T07:03:47.370170977Z,33479539475,2.3.1,1.8.8,log.server.* + log.moderation.*,log.moderation.deop.enabled,PASS,correctly sent nothing
2026-09-01T07:03:47.370185384Z,33479539475,2.3.1,1.8.8,log.server.* + log.moderation.*,log.moderation.whitelist_toggle.enabled,PASS,correctly sent nothing
2026-09-01T07:03:47.370231139Z,33479539475,2.3.1,1.8.8,log.server.* + log.moderation.*,log.moderation.whitelist_edit.enabled,PASS,correctly sent nothing
2026-09-01T07:03:47.370245706Z,33479539475,2.3.1,1.8.8,log.server.* + log.moderation.*,log.server.command.enabled,PASS,no wording to compare
2026-09-01T07:03:47.370274400Z,33479539475,2.3.1,1.8.8,log.server.* + log.moderation.*,log.server.explosion.enabled,PASS,no wording to compare
2026-09-01T07:03:47.370293266Z,33479539475,2.3.1,1.8.8,log.server.* + log.moderation.*,log.moderation.ban.enabled,PASS,no wording to compare
2026-09-01T07:03:47.370311750Z,33479539475,2.3.1,1.8.8,log.server.* + log.moderation.*,log.moderation.unban.enabled,PASS,no wording to compare
2026-09-01T07:03:47.370332098Z,33479539475,2.3.1,1.8.8,log.server.* + log.moderation.*,log.moderation.op.enabled,PASS,no wording to compare
2026-09-01T07:03:47.370350483Z,33479539475,2.3.1,1.8.8,log.server.* + log.moderation.*,log.moderation.deop.enabled,PASS,no wording to compare
2026-09-01T07:03:47.370367945Z,33479539475,2.3.1,1.8.8,log.server.* + log.moderation.*,log.moderation.whitelist_toggle.enabled,PASS,no wording to compare
2026-09-01T07:03:47.370384757Z,33479539475,2.3.1,1.8.8,log.server.* + log.moderation.*,log.moderation.whitelist_edit.enabled,PASS,no wording to compare
2026-09-01T07:03:47.370401528Z,33479539475,2.3.1,1.8.8,log.server.* + log.moderation.*,log.moderation.kick.enabled,POTENTIAL_ERROR,"a real kick needs a connected client, which this harness cannot provide; both halves of the listener ran without faulting"
2026-09-01T07:03:47.370419702Z,33479539475,2.3.1,1.8.8,log.server.* + log.moderation.*,log.moderation.kick.color,POTENTIAL_ERROR,"a real kick needs a connected client, which this harness cannot provide; both halves of the listener ran without faulting"
2026-09-01T07:03:47.370438137Z,33479539475,2.3.1,1.8.8,log.server.* + log.moderation.*,log.moderation.kick.webhook,POTENTIAL_ERROR,"a real kick needs a connected client, which this harness cannot provide; both halves of the listener ran without faulting"
2026-09-01T07:03:47.370456992Z,33479539475,2.3.1,1.8.8,log.server.* + log.moderation.*,log.server.command.webhook,PASS,routed to its own webhook
2026-09-01T07:03:47.370472181Z,33479539475,2.3.1,1.8.8,log.server.* + log.moderation.*,log.server.explosion.webhook,PASS,routed to its own webhook
2026-09-01T07:03:47.370484293Z,33479539475,2.3.1,1.8.8,log.server.* + log.moderation.*,log.moderation.ban.webhook,PASS,routed to its own webhook
2026-09-01T07:03:47.370496877Z,33479539475,2.3.1,1.8.8,log.server.* + log.moderation.*,log.moderation.unban.webhook,PASS,routed to its own webhook
2026-09-01T07:03:47.370509601Z,33479539475,2.3.1,1.8.8,log.server.* + log.moderation.*,log.moderation.op.webhook,PASS,routed to its own webhook
2026-09-01T07:03:47.370521824Z,33479539475,2.3.1,1.8.8,log.server.* + log.moderation.*,log.moderation.deop.webhook,PASS,routed to its own webhook
2026-09-01T07:03:47.370534137Z,33479539475,2.3.1,1.8.8,log.server.* + log.moderation.*,log.moderation.whitelist_toggle.webhook,PASS,routed to its own webhook
2026-09-01T07:03:47.370546941Z,33479539475,2.3.1,1.8.8,log.server.* + log.moderation.*,log.moderation.whitelist_edit.webhook,PASS,routed to its own webhook
2026-09-01T07:04:45.960834285Z,33479539475,2.3.1,1.8.8,log.server.start/stop,log.server.stop.enabled,PASS,no wording to compare
2026-09-01T07:04:45.960893596Z,33479539475,2.3.1,1.8.8,log.server.start/stop,log.server.stop.color,PASS,no wording to compare
2026-09-01T07:04:45.960915437Z,33479539475,2.3.1,1.8.8,log.server.start/stop,log.server.start.enabled,PASS,no wording to compare
2026-09-01T07:04:45.960929534Z,33479539475,2.3.1,1.8.8,log.server.start/stop,log.server.start.color,PASS,no wording to compare
2026-09-01T07:04:45.960941937Z,33479539475,2.3.1,1.8.8,log.server.start/stop,log.server.stop.webhook,PASS,routed to its own webhook
2026-09-01T07:04:45.960953659Z,33479539475,2.3.1,1.8.8,log.server.start/stop,log.server.start.webhook,PASS,routed to its own webhook
2026-09-01T07:04:45.960965321Z,33479539475,2.3.1,1.8.8,log.server.start/stop,log.server.stop.enabled,PASS,correctly sent nothing
2026-09-01T07:04:45.960976311Z,33479539475,2.3.1,1.8.8,log.server.start/stop,log.server.start.enabled,PASS,correctly sent nothing
2026-09-01T07:07:51.505246518Z,33479539475,2.3.1,1.8.8,log.player.*,log.player.join.color,PASS,no wording to compare
2026-09-01T07:07:51.505299457Z,33479539475,2.3.1,1.8.8,log.player.*,log.player.quit.color,PASS,no wording to compare
2026-09-01T07:07:51.505314926Z,33479539475,2.3.1,1.8.8,log.player.*,log.player.chat.color,PASS,no wording to compare
2026-09-01T07:07:51.505327820Z,33479539475,2.3.1,1.8.8,log.player.*,log.player.gamemode.color,PASS,no wording to compare
2026-09-01T07:07:51.505369388Z,33479539475,2.3.1,1.8.8,log.player.*,log.player.teleport.color,PASS,no wording to compare
2026-09-01T07:07:51.505384937Z,33479539475,2.3.1,1.8.8,log.player.*,log.player.death.color,PASS,no wording to compare
2026-09-01T07:07:51.505398282Z,33479539475,2.3.1,1.8.8,log.player.*,log.player.advancement.color,PASS,no wording to compare
2026-09-01T07:07:51.505410815Z,33479539475,2.3.1,1.8.8,log.player.*,log.player.join.enabled,PASS,correctly sent nothing
2026-09-01T07:07:51.505423329Z,33479539475,2.3.1,1.8.8,log.player.*,log.player.quit.enabled,PASS,correctly sent nothing
2026-09-01T07:07:51.505435502Z,33479539475,2.3.1,1.8.8,log.player.*,log.player.chat.enabled,PASS,correctly sent nothing
2026-09-01T07:07:51.505447514Z,33479539475,2.3.1,1.8.8,log.player.*,log.player.gamemode.enabled,PASS,correctly sent nothing
2026-09-01T07:07:51.505459717Z,33479539475,2.3.1,1.8.8,log.player.*,log.player.teleport.enabled,PASS,correctly sent nothing
2026-09-01T07:07:51.505471990Z,33479539475,2.3.1,1.8.8,log.player.*,log.player.death.enabled,PASS,correctly sent nothing
2026-09-01T07:07:51.505504210Z,33479539475,2.3.1,1.8.8,log.player.*,log.player.advancement.enabled,PASS,correctly sent nothing
2026-09-01T07:07:51.505532173Z,33479539475,2.3.1,1.8.8,log.player.*,log.player.join.enabled,PASS,no wording to compare
2026-09-01T07:07:51.505544606Z,33479539475,2.3.1,1.8.8,log.player.*,log.player.quit.enabled,PASS,no wording to compare
2026-09-01T07:07:51.505556138Z,33479539475,2.3.1,1.8.8,log.player.*,log.player.chat.enabled,PASS,no wording to compare
2026-09-01T07:07:51.505568120Z,33479539475,2.3.1,1.8.8,log.player.*,log.player.gamemode.enabled,PASS,no wording to compare
2026-09-01T07:07:51.505579662Z,33479539475,2.3.1,1.8.8,log.player.*,log.player.teleport.enabled,PASS,no wording to compare
2026-09-01T07:07:51.505591233Z,33479539475,2.3.1,1.8.8,log.player.*,log.player.death.enabled,PASS,no wording to compare
2026-09-01T07:07:51.505602885Z,33479539475,2.3.1,1.8.8,log.player.*,log.player.advancement.enabled,PASS,no wording to compare
2026-09-01T07:07:51.505614958Z,33479539475,2.3.1,1.8.8,log.player.*,log.player.join.webhook,PASS,routed to its own webhook
2026-09-01T07:07:51.505627421Z,33479539475,2.3.1,1.8.8,log.player.*,log.player.quit.webhook,PASS,routed to its own webhook
2026-09-01T07:07:51.505638943Z,33479539475,2.3.1,1.8.8,log.player.*,log.player.chat.webhook,PASS,routed to its own webhook
2026-09-01T07:07:51.505652508Z,33479539475,2.3.1,1.8.8,log.player.*,log.player.gamemode.webhook,PASS,routed to its own webhook
2026-09-01T07:07:51.505664421Z,33479539475,2.3.1,1.8.8,log.player.*,log.player.teleport.webhook,PASS,routed to its own webhook
2026-09-01T07:07:51.505676333Z,33479539475,2.3.1,1.8.8,log.player.*,log.player.death.webhook,PASS,routed to its own webhook
2026-09-01T07:07:51.505687714Z,33479539475,2.3.1,1.8.8,log.player.*,log.player.advancement.webhook,PASS,routed to its own webhook
2026-09-01T07:16:52.875858534Z,33479539475,2.3.1,1.8.8,lang.yml discord.*,discord.player-join,PASS,no wording to compare
2026-09-01T07:16:52.875898810Z,33479539475,2.3.1,1.8.8,lang.yml discord.*,discord.player-quit,PASS,no wording to compare
2026-09-01T07:16:52.875913017Z,33479539475,2.3.1,1.8.8,lang.yml discord.*,discord.player-chat,PASS,no wording to compare
2026-09-01T07:16:52.875925660Z,33479539475,2.3.1,1.8.8,lang.yml discord.*,discord.player-command,WRONG,the server logged an error: [07:08:42 INFO]: DRIVER-ERROR command: java.lang.reflect.InvocationTargetException --- last server output --- [07:08:07 INFO]: 1234567890123456789: empty [07:08:07 INFO]: Custom log rules: 0 [07:08:07 INFO]: PlaceholderAPI: not installed [07:08:07 INFO]: DRIVER-OK join […
2026-09-01T07:16:52.875939346Z,33479539475,2.3.1,1.8.8,lang.yml discord.*,discord.server-command,PASS,no wording to compare
2026-09-01T07:16:52.875953463Z,33479539475,2.3.1,1.8.8,lang.yml discord.*,discord.death.description,PASS,no wording to compare
2026-09-01T07:16:52.875966687Z,33479539475,2.3.1,1.8.8,lang.yml discord.*,discord.death.cause-field,PASS,no wording to compare
2026-09-01T07:16:52.875978970Z,33479539475,2.3.1,1.8.8,lang.yml discord.*,discord.death.coords-field,PASS,no wording to compare
2026-09-01T07:16:52.875990762Z,33479539475,2.3.1,1.8.8,lang.yml discord.*,discord.death.coords-value,PASS,no wording to compare
2026-09-01T07:16:52.876002895Z,33479539475,2.3.1,1.8.8,lang.yml discord.*,discord.death.slain-by-player,PASS,no wording to compare
2026-09-01T07:16:52.876014507Z,33479539475,2.3.1,1.8.8,lang.yml discord.*,discord.death.slain-by-mob,PASS,no wording to compare
2026-09-01T07:16:52.876025868Z,33479539475,2.3.1,1.8.8,lang.yml discord.*,discord.death.shot-by,WRONG,the server logged an error: org.bukkit.event.EventException: null --- last server output --- at com.discordlogger.driver.DriverPlugin.fireBestEffort(DriverPlugin.java:476) [DiscordLoggerDriver.jar:?] at com.discordlogger.driver.DriverPlugin.fireDeaths(DriverPlugin.java:199) [DiscordLoggerDriver.jar…
2026-09-01T07:16:52.876039083Z,33479539475,2.3.1,1.8.8,lang.yml discord.*,discord.death.shot,WRONG,the server logged an error: org.bukkit.event.EventException: null --- last server output --- at com.discordlogger.driver.DriverPlugin.fireBestEffort(DriverPlugin.java:476) [DiscordLoggerDriver.jar:?] at com.discordlogger.driver.DriverPlugin.fireDeaths(DriverPlugin.java:199) [DiscordLoggerDriver.jar…
2026-09-01T07:16:52.876051937Z,33479539475,2.3.1,1.8.8,lang.yml discord.*,discord.death.unknown,PASS,no wording to compare
2026-09-01T07:16:52.876063358Z,33479539475,2.3.1,1.8.8,lang.yml discord.*,discord.death.causes.fall,PASS,no wording to compare
2026-09-01T07:16:52.876074619Z,33479539475,2.3.1,1.8.8,lang.yml discord.*,discord.death.causes.lava,PASS,no wording to compare
2026-09-01T07:16:52.876087463Z,33479539475,2.3.1,1.8.8,lang.yml discord.*,discord.death.causes.fire,PASS,no wording to compare
2026-09-01T07:16:52.876098775Z,33479539475,2.3.1,1.8.8,lang.yml discord.*,discord.death.causes.fire-tick,PASS,no wording to compare
2026-09-01T07:16:52.876110086Z,33479539475,2.3.1,1.8.8,lang.yml discord.*,discord.death.causes.drowning,PASS,no wording to compare
2026-09-01T07:16:52.876123581Z,33479539475,2.3.1,1.8.8,lang.yml discord.*,discord.death.causes.suffocation,PASS,no wording to compare
2026-09-01T07:16:52.876135273Z,33479539475,2.3.1,1.8.8,lang.yml discord.*,discord.death.causes.void,PASS,no wording to compare
2026-09-01T07:16:52.876146785Z,33479539475,2.3.1,1.8.8,lang.yml discord.*,discord.death.causes.contact,PASS,no wording to compare
2026-09-01T07:16:52.876158076Z,33479539475,2.3.1,1.8.8,lang.yml discord.*,discord.death.causes.block-explosion,PASS,no wording to compare
2026-09-01T07:16:52.876169357Z,33479539475,2.3.1,1.8.8,lang.yml discord.*,discord.death.causes.entity-explosion,PASS,no wording to compare
2026-09-01T07:16:52.876180929Z,33479539475,2.3.1,1.8.8,lang.yml discord.*,discord.death.causes.magic,PASS,no wording to compare
2026-09-01T07:16:52.876220883Z,33479539475,2.3.1,1.8.8,lang.yml discord.*,discord.death.causes.poison,PASS,no wording to compare
2026-09-01T07:16:52.876234228Z,33479539475,2.3.1,1.8.8,lang.yml discord.*,discord.death.causes.wither,PASS,no wording to compare
2026-09-01T07:16:52.876245439Z,33479539475,2.3.1,1.8.8,lang.yml discord.*,discord.death.causes.starvation,PASS,no wording to compare
2026-09-01T07:16:52.876282248Z,33479539475,2.3.1,1.8.8,lang.yml discord.*,discord.death.causes.freeze,PROBABLY_FINE,"this server has no such damage cause, so the line cannot be reached here"
2026-09-01T07:16:52.876297517Z,33479539475,2.3.1,1.8.8,lang.yml discord.*,discord.death.causes.lightning,PASS,no wording to compare
2026-09-01T07:16:52.876348412Z,33479539475,2.3.1,1.8.8,lang.yml discord.*,discord.death.causes.hot-floor,PROBABLY_FINE,"this server has no such damage cause, so the line cannot be reached here"
2026-09-01T07:16:52.876360946Z,33479539475,2.3.1,1.8.8,lang.yml discord.*,discord.death.causes.cramming,PROBABLY_FINE,"this server has no such damage cause, so the line cannot be reached here"
2026-09-01T07:16:52.876372267Z,33479539475,2.3.1,1.8.8,lang.yml discord.*,discord.death.causes.dragon-breath,PROBABLY_FINE,"this server has no such damage cause, so the line cannot be reached here"
2026-09-01T07:16:52.876383237Z,33479539475,2.3.1,1.8.8,lang.yml discord.*,discord.death.causes.thorns,PASS,no wording to compare
2026-09-01T07:16:52.876394398Z,33479539475,2.3.1,1.8.8,lang.yml discord.*,discord.death.causes.kill,PROBABLY_FINE,"this server has no such damage cause, so the line cannot be reached here"
2026-09-01T07:16:52.876405359Z,33479539475,2.3.1,1.8.8,lang.yml discord.*,discord.death.causes.suicide,PASS,no wording to compare
2026-09-01T07:16:52.876416440Z,33479539475,2.3.1,1.8.8,lang.yml discord.*,discord.death.causes.world-border,PROBABLY_FINE,"this server has no such damage cause, so the line cannot be reached here"
2026-09-01T07:16:52.876427771Z,33479539475,2.3.1,1.8.8,lang.yml discord.*,discord.death.causes.sonic-boom,PROBABLY_FINE,"this server has no such damage cause, so the line cannot be reached here"
2026-09-01T07:16:52.876439533Z,33479539475,2.3.1,1.8.8,lang.yml discord.*,discord.death.causes.campfire,PROBABLY_FINE,"this server has no such damage cause, so the line cannot be reached here"
2026-09-01T07:16:52.876450854Z,33479539475,2.3.1,1.8.8,lang.yml discord.*,discord.death.causes.falling-block,PASS,no wording to compare
2026-09-01T07:16:52.876462205Z,33479539475,2.3.1,1.8.8,lang.yml discord.*,discord.death.causes.fly-into-wall,PROBABLY_FINE,"this server has no such damage cause, so the line cannot be reached here"
2026-09-01T07:16:52.876473417Z,33479539475,2.3.1,1.8.8,lang.yml discord.*,discord.death.causes.dryout,PROBABLY_FINE,"this server has no such damage cause, so the line cannot be reached here"
2026-09-01T07:16:52.876484707Z,33479539475,2.3.1,1.8.8,lang.yml discord.*,discord.death.causes.melting,PASS,no wording to compare
2026-09-01T07:16:52.876495839Z,33479539475,2.3.1,1.8.8,lang.yml discord.*,discord.death.causes.entity-attack,PASS,no wording to compare
2026-09-01T07:16:52.876506929Z,33479539475,2.3.1,1.8.8,lang.yml discord.*,discord.death.causes.entity-sweep-attack,PROBABLY_FINE,"this server has no such damage cause, so the line cannot be reached here"
2026-09-01T07:16:52.876518020Z,33479539475,2.3.1,1.8.8,lang.yml discord.*,discord.death.causes.projectile,PASS,no wording to compare
2026-09-01T07:16:52.876528941Z,33479539475,2.3.1,1.8.8,lang.yml discord.*,discord.death.causes.custom,PASS,no wording to compare
2026-09-01T07:18:52.211066157Z,33479539475,2.3.1,1.8.8,plain text (embeds off),plain-text.player-join,PASS,no wording to compare
2026-09-01T07:18:52.211111001Z,33479539475,2.3.1,1.8.8,plain text (embeds off),plain-text.player-quit,PASS,no wording to compare
2026-09-01T07:18:52.211125338Z,33479539475,2.3.1,1.8.8,plain text (embeds off),plain-text.player-chat,PASS,no wording to compare
2026-09-01T07:18:52.211137971Z,33479539475,2.3.1,1.8.8,plain text (embeds off),plain-text.player-command,WRONG,"nothing arrived with embeds off, though the same event posts with them on --- last server output --- [07:17:08 INFO]: Build: 2.3.1 (dev) [07:17:08 INFO]: Discord: connected [07:17:08 INFO]: Queue: running [07:17:08 INFO]: Destinations: 1 [07:17:08 INFO]: 1234567890123456789: empty [07:17:08 INFO]: …"
2026-09-01T07:18:52.211152218Z,33479539475,2.3.1,1.8.8,plain text (embeds off),plain-text.player-death,WRONG,the server logged an error: [07:17:39 INFO]: DRIVER-ERROR command: java.lang.reflect.InvocationTargetException --- last server output --- [07:17:08 INFO]: Discord: connected [07:17:08 INFO]: Queue: running [07:17:08 INFO]: Destinations: 1 [07:17:08 INFO]: 1234567890123456789: empty [07:17:08 INFO]:…
2026-09-01T07:18:52.211165423Z,33479539475,2.3.1,1.8.8,plain text (embeds off),plain-text.player-teleport,PASS,no wording to compare
2026-09-01T07:18:52.211177605Z,33479539475,2.3.1,1.8.8,plain text (embeds off),plain-text.player-gamemode,PASS,no wording to compare
2026-09-01T07:18:52.211189908Z,33479539475,2.3.1,1.8.8,plain text (embeds off),plain-text.server-command,PASS,no wording to compare
2026-09-01T07:18:52.211233430Z,33479539475,2.3.1,1.8.8,plain text (embeds off),plain-text.explosion,WRONG,"nothing arrived with embeds off, though the same event posts with them on --- last server output --- [07:17:35 INFO]: [DiscordLogger] `07:17:35, 01:09:2026` - **Player Quit**: Player1 left the server [07:17:35 INFO]: DRIVER-OK quit [07:17:35 INFO]: [DiscordLoggerDriver] DRIVER-OK quit [07:17:37 INF…"
2026-09-01T07:18:52.211248929Z,33479539475,2.3.1,1.8.8,plain text (embeds off),plain-text.moderation-op,PASS,no wording to compare
2026-09-01T07:20:53.330164844Z,33479539475,2.3.1,1.8.8,lang.yml chat.*,chat.prefix,WRONG,"'discordlogger reload' did not produce this line --- last server output --- [07:19:43 INFO]: [DiscordLogger] [07:19:43, 01:09:2026] Server Start: Server Started [07:19:43 INFO]: [DiscordLogger] Core loaded. [07:19:43 INFO]: [DiscordLoggerDriver] Enabling DiscordLoggerDriver v1.0-SNAPSHOT [07:19:43 …"
2026-09-01T07:20:53.330262386Z,33479539475,2.3.1,1.8.8,lang.yml chat.*,chat.reload-ok,PASS,the rewritten line came back from 'discordlogger reload'
2026-09-01T07:20:53.330281422Z,33479539475,2.3.1,1.8.8,lang.yml chat.*,chat.reload-no-webhook,PASS,the rewritten line came back from 'discordlogger reload'
2026-09-01T07:20:53.330294276Z,33479539475,2.3.1,1.8.8,lang.yml chat.*,chat.reload-no-webhook-hint,PASS,the rewritten line came back from 'discordlogger reload'
2026-09-01T07:20:53.330305948Z,33479539475,2.3.1,1.8.8,lang.yml chat.*,chat.webhook-usage,PASS,the rewritten line came back from 'discordlogger webhook'
2026-09-01T07:20:53.330317219Z,33479539475,2.3.1,1.8.8,lang.yml chat.*,chat.webhook-where,PASS,the rewritten line came back from 'discordlogger webhook'
2026-09-01T07:20:53.330328460Z,33479539475,2.3.1,1.8.8,lang.yml chat.*,chat.webhook-private,WRONG,"'discordlogger webhook' did not produce this line --- last server output --- [07:20:10 ERROR]: [DiscordLogger] Invalid or missing webhook.url in config.yml. [07:20:10 INFO]: Config reloaded, but webhook.url is missing or invalid. [07:20:10 INFO]: DLCHAT17387 [07:20:12 INFO]: [DiscordLogger] Log fil…"
2026-09-01T07:20:53.330341454Z,33479539475,2.3.1,1.8.8,lang.yml chat.*,chat.webhook-invalid,PASS,the rewritten line came back from 'discordlogger webhook http://example.com/not-a-webhook'
2026-09-01T07:20:53.330352465Z,33479539475,2.3.1,1.8.8,lang.yml chat.*,chat.webhook-expected,PASS,the rewritten line came back from 'discordlogger webhook http://example.com/not-a-webhook'
2026-09-01T07:20:53.330363035Z,33479539475,2.3.1,1.8.8,lang.yml chat.*,chat.regen-warning,PASS,the rewritten line came back from 'discordlogger regen'
2026-09-01T07:20:53.330373975Z,33479539475,2.3.1,1.8.8,lang.yml chat.*,chat.regen-confirm,PASS,the rewritten line came back from 'discordlogger regen'
2026-09-01T07:20:53.330384615Z,33479539475,2.3.1,1.8.8,lang.yml chat.*,chat.help-header,PASS,the rewritten line came back from 'discordlogger'
2026-09-01T07:20:53.330395055Z,33479539475,2.3.1,1.8.8,lang.yml chat.*,chat.help-entry,PASS,the rewritten line came back from 'discordlogger'
2026-09-01T07:20:53.330405374Z,33479539475,2.3.1,1.8.8,lang.yml chat.*,chat.unknown-subcommand,PASS,the rewritten line came back from 'discordlogger definitelynotasubcommand'
2026-09-01T07:00:28.611606864Z,33479539475,2.3.1,26.2,filters.* + format.* + embeds.*,log.custom,PASS,no wording to compare
2026-09-01T07:00:28.611826625Z,33479539475,2.3.1,26.2,filters.* + format.* + embeds.*,log.player.death.show_coords,PASS,no wording to compare
2026-09-01T07:00:28.611842826Z,33479539475,2.3.1,26.2,filters.* + format.* + embeds.*,log.player.death.show_coords,PASS,left the location out when switched off
2026-09-01T07:00:28.611855243Z,33479539475,2.3.1,26.2,filters.* + format.* + embeds.*,embeds.author,PASS,no wording to compare
2026-09-01T07:00:28.611865798Z,33479539475,2.3.1,26.2,filters.* + format.* + embeds.*,embeds.enabled,PASS,no wording to compare
2026-09-01T07:00:28.611893065Z,33479539475,2.3.1,26.2,filters.* + format.* + embeds.*,embeds.enabled,PASS,switched to plain text
2026-09-01T07:00:28.611905510Z,33479539475,2.3.1,26.2,filters.* + format.* + embeds.*,filters.exempt_permission,PASS,suppressed the event it was set to suppress
2026-09-01T07:00:28.611917119Z,33479539475,2.3.1,26.2,filters.* + format.* + embeds.*,format.name,PASS,no wording to compare
2026-09-01T07:00:28.611928689Z,33479539475,2.3.1,26.2,filters.* + format.* + embeds.*,format.nicknames,PASS,no wording to compare
2026-09-01T07:00:28.611940346Z,33479539475,2.3.1,26.2,filters.* + format.* + embeds.*,format.nicknames,PASS,used the real name when switched off
2026-09-01T07:00:28.611952811Z,33479539475,2.3.1,26.2,filters.* + format.* + embeds.*,format.placeholders,POTENTIAL_ERROR,a placeholder typed in chat did not survive as written; expansion of player-supplied text would be a leak
2026-09-01T07:00:28.611966138Z,33479539475,2.3.1,26.2,filters.* + format.* + embeds.*,format.time,PASS,no wording to compare
2026-09-01T07:00:28.611977906Z,33479539475,2.3.1,26.2,filters.* + format.* + embeds.*,filters.ignored_advancements,PASS,suppressed the event it was set to suppress
2026-09-01T07:00:28.612001489Z,33479539475,2.3.1,26.2,filters.* + format.* + embeds.*,filters.ignored_chat_containing,PASS,suppressed the event it was set to suppress
2026-09-01T07:00:28.612014906Z,33479539475,2.3.1,26.2,filters.* + format.* + embeds.*,filters.ignored_commands,PASS,suppressed the event it was set to suppress
2026-09-01T07:00:28.612026811Z,33479539475,2.3.1,26.2,filters.* + format.* + embeds.*,filters.ignored_death_causes,PASS,suppressed the event it was set to suppress
2026-09-01T07:00:28.612037368Z,33479539475,2.3.1,26.2,filters.* + format.* + embeds.*,filters.ignored_explosion_sources,PASS,suppressed the event it was set to suppress
2026-09-01T07:00:28.612048189Z,33479539475,2.3.1,26.2,filters.* + format.* + embeds.*,filters.ignored_players,PASS,suppressed the event it was set to suppress
2026-09-01T07:00:28.612058588Z,33479539475,2.3.1,26.2,filters.* + format.* + embeds.*,filters.ignored_teleport_causes,PASS,suppressed the event it was set to suppress
2026-09-01T07:00:28.612079658Z,33479539475,2.3.1,26.2,filters.* + format.* + embeds.*,filters.ignored_worlds,PASS,suppressed the event it was set to suppress
2026-09-01T07:00:28.612091557Z,33479539475,2.3.1,26.2,filters.* + format.* + embeds.*,log.player.join.show_platform,PASS,logged a Java join cleanly; the Bedrock flag itself needs Floodgate and is not driveable here
2026-09-01T07:00:28.612122316Z,33479539475,2.3.1,26.2,filters.* + format.* + embeds.*,filters.log_recipe_advancements,PASS,suppressed the event it was set to suppress
2026-09-01T07:00:28.612135783Z,33479539475,2.3.1,26.2,filters.* + format.* + embeds.*,filters.minimum_chat_length,PASS,suppressed the event it was set to suppress
2026-09-01T07:00:28.612147355Z,33479539475,2.3.1,26.2,filters.* + format.* + embeds.*,filters.minimum_explosion_blocks,PASS,suppressed the event it was set to suppress
2026-09-01T07:00:28.612159707Z,33479539475,2.3.1,26.2,filters.* + format.* + embeds.*,filters.minimum_teleport_distance,PASS,suppressed the event it was set to suppress
2026-09-01T07:00:28.612171118Z,33479539475,2.3.1,26.2,filters.* + format.* + embeds.*,filters.only_log_commands,PASS,suppressed the event it was set to suppress
2026-09-01T07:00:28.612182035Z,33479539475,2.3.1,26.2,filters.* + format.* + embeds.*,filters.respect_vanish,PASS,suppressed the event it was set to suppress
2026-09-01T07:00:28.612192406Z,33479539475,2.3.1,26.2,filters.* + format.* + embeds.*,webhook.url,PASS,every event followed the main webhook when it changed
2026-09-01T07:04:56.074262325Z,33479539475,2.3.1,26.2,log.server.* + log.moderation.*,log.server.command.color,PASS,no wording to compare
2026-09-01T07:04:56.074318332Z,33479539475,2.3.1,26.2,log.server.* + log.moderation.*,log.server.explosion.color,PASS,no wording to compare
2026-09-01T07:04:56.074334317Z,33479539475,2.3.1,26.2,log.server.* + log.moderation.*,log.moderation.ban.color,PASS,no wording to compare
2026-09-01T07:04:56.074348905Z,33479539475,2.3.1,26.2,log.server.* + log.moderation.*,log.moderation.unban.color,PASS,no wording to compare
2026-09-01T07:04:56.074360437Z,33479539475,2.3.1,26.2,log.server.* + log.moderation.*,log.moderation.op.color,PASS,no wording to compare
2026-09-01T07:04:56.074371561Z,33479539475,2.3.1,26.2,log.server.* + log.moderation.*,log.moderation.deop.color,PASS,no wording to compare
2026-09-01T07:04:56.074381136Z,33479539475,2.3.1,26.2,log.server.* + log.moderation.*,log.moderation.whitelist_toggle.color,PASS,no wording to compare
2026-09-01T07:04:56.074389598Z,33479539475,2.3.1,26.2,log.server.* + log.moderation.*,log.moderation.whitelist_edit.color,PASS,no wording to compare
2026-09-01T07:04:56.074398472Z,33479539475,2.3.1,26.2,log.server.* + log.moderation.*,log.server.command.enabled,PASS,correctly sent nothing
2026-09-01T07:04:56.074406561Z,33479539475,2.3.1,26.2,log.server.* + log.moderation.*,log.server.explosion.enabled,PASS,correctly sent nothing
2026-09-01T07:04:56.074414705Z,33479539475,2.3.1,26.2,log.server.* + log.moderation.*,log.moderation.ban.enabled,PASS,correctly sent nothing
2026-09-01T07:04:56.074422644Z,33479539475,2.3.1,26.2,log.server.* + log.moderation.*,log.moderation.unban.enabled,PASS,correctly sent nothing
2026-09-01T07:04:56.074430219Z,33479539475,2.3.1,26.2,log.server.* + log.moderation.*,log.moderation.op.enabled,PASS,correctly sent nothing
2026-09-01T07:04:56.074439370Z,33479539475,2.3.1,26.2,log.server.* + log.moderation.*,log.moderation.deop.enabled,PASS,correctly sent nothing
2026-09-01T07:04:56.074447578Z,33479539475,2.3.1,26.2,log.server.* + log.moderation.*,log.moderation.whitelist_toggle.enabled,PASS,correctly sent nothing
2026-09-01T07:04:56.074455942Z,33479539475,2.3.1,26.2,log.server.* + log.moderation.*,log.moderation.whitelist_edit.enabled,PASS,correctly sent nothing
2026-09-01T07:04:56.074566102Z,33479539475,2.3.1,26.2,log.server.* + log.moderation.*,log.server.command.enabled,PASS,no wording to compare
2026-09-01T07:04:56.074577660Z,33479539475,2.3.1,26.2,log.server.* + log.moderation.*,log.server.explosion.enabled,PASS,no wording to compare
2026-09-01T07:04:56.074587070Z,33479539475,2.3.1,26.2,log.server.* + log.moderation.*,log.moderation.ban.enabled,PASS,no wording to compare
2026-09-01T07:04:56.074598374Z,33479539475,2.3.1,26.2,log.server.* + log.moderation.*,log.moderation.unban.enabled,PASS,no wording to compare
2026-09-01T07:04:56.074607932Z,33479539475,2.3.1,26.2,log.server.* + log.moderation.*,log.moderation.op.enabled,PASS,no wording to compare
2026-09-01T07:04:56.074616930Z,33479539475,2.3.1,26.2,log.server.* + log.moderation.*,log.moderation.deop.enabled,PASS,no wording to compare
2026-09-01T07:04:56.074626011Z,33479539475,2.3.1,26.2,log.server.* + log.moderation.*,log.moderation.whitelist_toggle.enabled,PASS,no wording to compare
2026-09-01T07:04:56.074635764Z,33479539475,2.3.1,26.2,log.server.* + log.moderation.*,log.moderation.whitelist_edit.enabled,PASS,no wording to compare
2026-09-01T07:04:56.074645808Z,33479539475,2.3.1,26.2,log.server.* + log.moderation.*,log.moderation.kick.enabled,POTENTIAL_ERROR,"a real kick needs a connected client, which this harness cannot provide; both halves of the listener ran without faulting"
2026-09-01T07:04:56.074656922Z,33479539475,2.3.1,26.2,log.server.* + log.moderation.*,log.moderation.kick.color,POTENTIAL_ERROR,"a real kick needs a connected client, which this harness cannot provide; both halves of the listener ran without faulting"
2026-09-01T07:04:56.074666743Z,33479539475,2.3.1,26.2,log.server.* + log.moderation.*,log.moderation.kick.webhook,POTENTIAL_ERROR,"a real kick needs a connected client, which this harness cannot provide; both halves of the listener ran without faulting"
2026-09-01T07:04:56.074675741Z,33479539475,2.3.1,26.2,log.server.* + log.moderation.*,log.server.command.webhook,PASS,routed to its own webhook
2026-09-01T07:04:56.074684829Z,33479539475,2.3.1,26.2,log.server.* + log.moderation.*,log.server.explosion.webhook,PASS,routed to its own webhook
2026-09-01T07:04:56.074713560Z,33479539475,2.3.1,26.2,log.server.* + log.moderation.*,log.moderation.ban.webhook,PASS,routed to its own webhook
2026-09-01T07:04:56.074723321Z,33479539475,2.3.1,26.2,log.server.* + log.moderation.*,log.moderation.unban.webhook,PASS,routed to its own webhook
2026-09-01T07:04:56.074732541Z,33479539475,2.3.1,26.2,log.server.* + log.moderation.*,log.moderation.op.webhook,PASS,routed to its own webhook
2026-09-01T07:04:56.074742527Z,33479539475,2.3.1,26.2,log.server.* + log.moderation.*,log.moderation.deop.webhook,PASS,routed to its own webhook
2026-09-01T07:04:56.074753146Z,33479539475,2.3.1,26.2,log.server.* + log.moderation.*,log.moderation.whitelist_toggle.webhook,PASS,routed to its own webhook
2026-09-01T07:04:56.074763968Z,33479539475,2.3.1,26.2,log.server.* + log.moderation.*,log.moderation.whitelist_edit.webhook,PASS,routed to its own webhook
2026-09-01T07:06:50.546406434Z,33479539475,2.3.1,26.2,log.server.start/stop,log.server.stop.enabled,PASS,no wording to compare
2026-09-01T07:06:50.546472163Z,33479539475,2.3.1,26.2,log.server.start/stop,log.server.stop.color,PASS,no wording to compare
2026-09-01T07:06:50.546484836Z,33479539475,2.3.1,26.2,log.server.start/stop,log.server.start.enabled,PASS,no wording to compare
2026-09-01T07:06:50.546494594Z,33479539475,2.3.1,26.2,log.server.start/stop,log.server.start.color,PASS,no wording to compare
2026-09-01T07:06:50.546502768Z,33479539475,2.3.1,26.2,log.server.start/stop,log.server.stop.webhook,PASS,routed to its own webhook
2026-09-01T07:06:50.546509698Z,33479539475,2.3.1,26.2,log.server.start/stop,log.server.start.webhook,PASS,routed to its own webhook
2026-09-01T07:06:50.546515990Z,33479539475,2.3.1,26.2,log.server.start/stop,log.server.stop.enabled,PASS,correctly sent nothing
2026-09-01T07:06:50.546522506Z,33479539475,2.3.1,26.2,log.server.start/stop,log.server.start.enabled,PASS,correctly sent nothing
2026-09-01T07:10:10.431099945Z,33479539475,2.3.1,26.2,log.player.*,log.player.join.color,PASS,no wording to compare
2026-09-01T07:10:10.431152657Z,33479539475,2.3.1,26.2,log.player.*,log.player.quit.color,PASS,no wording to compare
2026-09-01T07:10:10.431168376Z,33479539475,2.3.1,26.2,log.player.*,log.player.chat.color,PASS,no wording to compare
2026-09-01T07:10:10.431198525Z,33479539475,2.3.1,26.2,log.player.*,log.player.gamemode.color,PASS,no wording to compare
2026-09-01T07:10:10.431211120Z,33479539475,2.3.1,26.2,log.player.*,log.player.teleport.color,PASS,no wording to compare
2026-09-01T07:10:10.431223059Z,33479539475,2.3.1,26.2,log.player.*,log.player.death.color,PASS,no wording to compare
2026-09-01T07:10:10.431233576Z,33479539475,2.3.1,26.2,log.player.*,log.player.advancement.color,PASS,no wording to compare
2026-09-01T07:10:10.431244998Z,33479539475,2.3.1,26.2,log.player.*,log.player.join.enabled,PASS,correctly sent nothing
2026-09-01T07:10:10.431256067Z,33479539475,2.3.1,26.2,log.player.*,log.player.quit.enabled,PASS,correctly sent nothing
2026-09-01T07:10:10.431266754Z,33479539475,2.3.1,26.2,log.player.*,log.player.chat.enabled,PASS,correctly sent nothing
2026-09-01T07:10:10.431277618Z,33479539475,2.3.1,26.2,log.player.*,log.player.gamemode.enabled,PASS,correctly sent nothing
2026-09-01T07:10:10.431288731Z,33479539475,2.3.1,26.2,log.player.*,log.player.teleport.enabled,PASS,correctly sent nothing
2026-09-01T07:10:10.431300958Z,33479539475,2.3.1,26.2,log.player.*,log.player.death.enabled,PASS,correctly sent nothing
2026-09-01T07:10:10.431312461Z,33479539475,2.3.1,26.2,log.player.*,log.player.advancement.enabled,PASS,correctly sent nothing
2026-09-01T07:10:10.431322038Z,33479539475,2.3.1,26.2,log.player.*,log.player.join.enabled,PASS,no wording to compare
2026-09-01T07:10:10.431332270Z,33479539475,2.3.1,26.2,log.player.*,log.player.quit.enabled,PASS,no wording to compare
2026-09-01T07:10:10.431343667Z,33479539475,2.3.1,26.2,log.player.*,log.player.chat.enabled,PASS,no wording to compare
2026-09-01T07:10:10.431354485Z,33479539475,2.3.1,26.2,log.player.*,log.player.gamemode.enabled,PASS,no wording to compare
2026-09-01T07:10:10.431365343Z,33479539475,2.3.1,26.2,log.player.*,log.player.teleport.enabled,PASS,no wording to compare
2026-09-01T07:10:10.431375822Z,33479539475,2.3.1,26.2,log.player.*,log.player.death.enabled,PASS,no wording to compare
2026-09-01T07:10:10.431385570Z,33479539475,2.3.1,26.2,log.player.*,log.player.advancement.enabled,PASS,no wording to compare
2026-09-01T07:10:10.431396337Z,33479539475,2.3.1,26.2,log.player.*,log.player.join.webhook,PASS,routed to its own webhook
2026-09-01T07:10:10.431406737Z,33479539475,2.3.1,26.2,log.player.*,log.player.quit.webhook,PASS,routed to its own webhook
2026-09-01T07:10:10.431416161Z,33479539475,2.3.1,26.2,log.player.*,log.player.chat.webhook,PASS,routed to its own webhook
2026-09-01T07:10:10.431424937Z,33479539475,2.3.1,26.2,log.player.*,log.player.gamemode.webhook,PASS,routed to its own webhook
2026-09-01T07:10:10.431433818Z,33479539475,2.3.1,26.2,log.player.*,log.player.teleport.webhook,PASS,routed to its own webhook
2026-09-01T07:10:10.431456356Z,33479539475,2.3.1,26.2,log.player.*,log.player.death.webhook,PASS,routed to its own webhook
2026-09-01T07:10:10.431466782Z,33479539475,2.3.1,26.2,log.player.*,log.player.advancement.webhook,PASS,routed to its own webhook
2026-09-01T07:14:05.352230072Z,33479539475,2.3.1,26.2,lang.yml discord.*,discord.player-join,PASS,no wording to compare
2026-09-01T07:14:05.352280327Z,33479539475,2.3.1,26.2,lang.yml discord.*,discord.player-quit,PASS,no wording to compare
2026-09-01T07:14:05.352292004Z,33479539475,2.3.1,26.2,lang.yml discord.*,discord.player-chat,PASS,no wording to compare
2026-09-01T07:14:05.352300476Z,33479539475,2.3.1,26.2,lang.yml discord.*,discord.player-command,WRONG,the server logged an error: [07:11:18 INFO]: DRIVER-ERROR command: java.lang.reflect.InvocationTargetException --- last server output --- [07:10:42 INFO]: 1234567890123456789: empty [07:10:42 INFO]: Custom log rules: 0 [07:10:42 INFO]: PlaceholderAPI: not installed [07:10:43 INFO]: DRIVER-OK join […
2026-09-01T07:14:05.352311997Z,33479539475,2.3.1,26.2,lang.yml discord.*,discord.server-command,PASS,no wording to compare
2026-09-01T07:14:05.352318034Z,33479539475,2.3.1,26.2,lang.yml discord.*,discord.death.description,PASS,no wording to compare
2026-09-01T07:14:05.352323360Z,33479539475,2.3.1,26.2,lang.yml discord.*,discord.death.cause-field,PASS,no wording to compare
2026-09-01T07:14:05.352328846Z,33479539475,2.3.1,26.2,lang.yml discord.*,discord.death.coords-field,PASS,no wording to compare
2026-09-01T07:14:05.352333887Z,33479539475,2.3.1,26.2,lang.yml discord.*,discord.death.coords-value,PASS,no wording to compare
2026-09-01T07:14:05.352338802Z,33479539475,2.3.1,26.2,lang.yml discord.*,discord.death.slain-by-player,PASS,no wording to compare
2026-09-01T07:14:05.352343712Z,33479539475,2.3.1,26.2,lang.yml discord.*,discord.death.slain-by-mob,PASS,no wording to compare
2026-09-01T07:14:05.352348669Z,33479539475,2.3.1,26.2,lang.yml discord.*,discord.death.shot-by,PASS,no wording to compare
2026-09-01T07:14:05.352353689Z,33479539475,2.3.1,26.2,lang.yml discord.*,discord.death.shot,PASS,no wording to compare
2026-09-01T07:14:05.352358738Z,33479539475,2.3.1,26.2,lang.yml discord.*,discord.death.unknown,PASS,no wording to compare
2026-09-01T07:14:05.352363674Z,33479539475,2.3.1,26.2,lang.yml discord.*,discord.death.causes.fall,PASS,no wording to compare
2026-09-01T07:14:05.352369886Z,33479539475,2.3.1,26.2,lang.yml discord.*,discord.death.causes.lava,PASS,no wording to compare
2026-09-01T07:14:05.352374926Z,33479539475,2.3.1,26.2,lang.yml discord.*,discord.death.causes.fire,PASS,no wording to compare
2026-09-01T07:14:05.352379841Z,33479539475,2.3.1,26.2,lang.yml discord.*,discord.death.causes.fire-tick,PASS,no wording to compare
2026-09-01T07:14:05.352386026Z,33479539475,2.3.1,26.2,lang.yml discord.*,discord.death.causes.drowning,PASS,no wording to compare
2026-09-01T07:14:05.352391087Z,33479539475,2.3.1,26.2,lang.yml discord.*,discord.death.causes.suffocation,PASS,no wording to compare
2026-09-01T07:14:05.352396117Z,33479539475,2.3.1,26.2,lang.yml discord.*,discord.death.causes.void,PASS,no wording to compare
2026-09-01T07:14:05.352401056Z,33479539475,2.3.1,26.2,lang.yml discord.*,discord.death.causes.contact,PASS,no wording to compare
2026-09-01T07:14:05.352405964Z,33479539475,2.3.1,26.2,lang.yml discord.*,discord.death.causes.block-explosion,PASS,no wording to compare
2026-09-01T07:14:05.352412517Z,33479539475,2.3.1,26.2,lang.yml discord.*,discord.death.causes.entity-explosion,PASS,no wording to compare
2026-09-01T07:14:05.352441889Z,33479539475,2.3.1,26.2,lang.yml discord.*,discord.death.causes.magic,PASS,no wording to compare
2026-09-01T07:14:05.352451434Z,33479539475,2.3.1,26.2,lang.yml discord.*,discord.death.causes.poison,PASS,no wording to compare
2026-09-01T07:14:05.352457654Z,33479539475,2.3.1,26.2,lang.yml discord.*,discord.death.causes.wither,PASS,no wording to compare
2026-09-01T07:14:05.352871618Z,33479539475,2.3.1,26.2,lang.yml discord.*,discord.death.causes.starvation,PASS,no wording to compare
2026-09-01T07:14:05.352888459Z,33479539475,2.3.1,26.2,lang.yml discord.*,discord.death.causes.freeze,PASS,no wording to compare
2026-09-01T07:14:05.352959445Z,33479539475,2.3.1,26.2,lang.yml discord.*,discord.death.causes.lightning,PASS,no wording to compare
2026-09-01T07:14:05.352978617Z,33479539475,2.3.1,26.2,lang.yml discord.*,discord.death.causes.hot-floor,PASS,no wording to compare
2026-09-01T07:14:05.352991176Z,33479539475,2.3.1,26.2,lang.yml discord.*,discord.death.causes.cramming,PASS,no wording to compare
2026-09-01T07:14:05.353001312Z,33479539475,2.3.1,26.2,lang.yml discord.*,discord.death.causes.dragon-breath,PASS,no wording to compare
2026-09-01T07:14:05.353009870Z,33479539475,2.3.1,26.2,lang.yml discord.*,discord.death.causes.thorns,PASS,no wording to compare
2026-09-01T07:14:05.353017980Z,33479539475,2.3.1,26.2,lang.yml discord.*,discord.death.causes.kill,PASS,no wording to compare
2026-09-01T07:14:05.353025579Z,33479539475,2.3.1,26.2,lang.yml discord.*,discord.death.causes.suicide,PASS,no wording to compare
2026-09-01T07:14:05.353035407Z,33479539475,2.3.1,26.2,lang.yml discord.*,discord.death.causes.world-border,PASS,no wording to compare
2026-09-01T07:14:05.353043206Z,33479539475,2.3.1,26.2,lang.yml discord.*,discord.death.causes.sonic-boom,PASS,no wording to compare
2026-09-01T07:14:05.353050763Z,33479539475,2.3.1,26.2,lang.yml discord.*,discord.death.causes.campfire,PASS,no wording to compare
2026-09-01T07:14:05.353058005Z,33479539475,2.3.1,26.2,lang.yml discord.*,discord.death.causes.falling-block,PASS,no wording to compare
2026-09-01T07:14:05.353064394Z,33479539475,2.3.1,26.2,lang.yml discord.*,discord.death.causes.fly-into-wall,PASS,no wording to compare
2026-09-01T07:14:05.353071094Z,33479539475,2.3.1,26.2,lang.yml discord.*,discord.death.causes.dryout,PASS,no wording to compare
2026-09-01T07:14:05.353078017Z,33479539475,2.3.1,26.2,lang.yml discord.*,discord.death.causes.melting,PASS,no wording to compare
2026-09-01T07:14:05.353084605Z,33479539475,2.3.1,26.2,lang.yml discord.*,discord.death.causes.entity-attack,PASS,no wording to compare
2026-09-01T07:14:05.353090931Z,33479539475,2.3.1,26.2,lang.yml discord.*,discord.death.causes.entity-sweep-attack,PASS,no wording to compare
2026-09-01T07:14:05.353097703Z,33479539475,2.3.1,26.2,lang.yml discord.*,discord.death.causes.projectile,PASS,no wording to compare
2026-09-01T07:14:05.353104386Z,33479539475,2.3.1,26.2,lang.yml discord.*,discord.death.causes.custom,PASS,no wording to compare
2026-09-01T07:16:20.210050666Z,33479539475,2.3.1,26.2,plain text (embeds off),plain-text.player-join,PASS,no wording to compare
2026-09-01T07:16:20.210104707Z,33479539475,2.3.1,26.2,plain text (embeds off),plain-text.player-quit,PASS,no wording to compare
2026-09-01T07:16:20.210120369Z,33479539475,2.3.1,26.2,plain text (embeds off),plain-text.player-chat,PASS,no wording to compare
2026-09-01T07:16:20.210133063Z,33479539475,2.3.1,26.2,plain text (embeds off),plain-text.player-command,WRONG,"nothing arrived with embeds off, though the same event posts with them on --- last server output --- [07:14:36 INFO]: Build: 2.3.1 (dev) [07:14:36 INFO]: Discord: connected [07:14:36 INFO]: Queue: running [07:14:36 INFO]: Destinations: 1 [07:14:36 INFO]: 1234567890123456789: empty [07:14:36 INFO]: …"
2026-09-01T07:16:20.210146738Z,33479539475,2.3.1,26.2,plain text (embeds off),plain-text.player-death,WRONG,the server logged an error: [07:15:07 INFO]: DRIVER-ERROR command: java.lang.reflect.InvocationTargetException --- last server output --- [07:14:36 INFO]: Discord: connected [07:14:36 INFO]: Queue: running [07:14:36 INFO]: Destinations: 1 [07:14:36 INFO]: 1234567890123456789: empty [07:14:36 INFO]:…
2026-09-01T07:16:20.210159002Z,33479539475,2.3.1,26.2,plain text (embeds off),plain-text.player-teleport,PASS,no wording to compare
2026-09-01T07:16:20.210169516Z,33479539475,2.3.1,26.2,plain text (embeds off),plain-text.player-gamemode,PASS,no wording to compare
2026-09-01T07:16:20.210179616Z,33479539475,2.3.1,26.2,plain text (embeds off),plain-text.server-command,PASS,no wording to compare
2026-09-01T07:16:20.210187892Z,33479539475,2.3.1,26.2,plain text (embeds off),plain-text.explosion,WRONG,"nothing arrived with embeds off, though the same event posts with them on --- last server output --- [07:15:03 INFO]: [DiscordLogger] `07:15:03, 01:09:2026` - **Player Quit**: Player1 left the server [07:15:03 INFO]: DRIVER-OK quit [07:15:03 INFO]: [DiscordLoggerDriver] DRIVER-OK quit [07:15:05 INF…"
2026-09-01T07:16:20.210197521Z,33479539475,2.3.1,26.2,plain text (embeds off),plain-text.moderation-op,PASS,no wording to compare
2026-09-01T07:18:53.288961110Z,33479539475,2.3.1,26.2,lang.yml chat.*,chat.prefix,WRONG,"'discordlogger reload' did not produce this line --- last server output --- [07:17:43 INFO]: Done (17.150s)! For help, type 'help' [07:17:43 INFO]: ************************************************************************************* [07:17:43 INFO]: This is the first time you're starting this serv…"
2026-09-01T07:18:53.289009035Z,33479539475,2.3.1,26.2,lang.yml chat.*,chat.reload-ok,PASS,the rewritten line came back from 'discordlogger reload'
2026-09-01T07:18:53.289022601Z,33479539475,2.3.1,26.2,lang.yml chat.*,chat.reload-no-webhook,PASS,the rewritten line came back from 'discordlogger reload'
2026-09-01T07:18:53.289031755Z,33479539475,2.3.1,26.2,lang.yml chat.*,chat.reload-no-webhook-hint,PASS,the rewritten line came back from 'discordlogger reload'
2026-09-01T07:18:53.289039381Z,33479539475,2.3.1,26.2,lang.yml chat.*,chat.webhook-usage,PASS,the rewritten line came back from 'discordlogger webhook'
2026-09-01T07:18:53.289045655Z,33479539475,2.3.1,26.2,lang.yml chat.*,chat.webhook-where,PASS,the rewritten line came back from 'discordlogger webhook'
2026-09-01T07:18:53.289051188Z,33479539475,2.3.1,26.2,lang.yml chat.*,chat.webhook-private,WRONG,"'discordlogger webhook' did not produce this line --- last server output --- [07:18:10 ERROR]: [DiscordLogger] Invalid or missing webhook.url in config.yml. [07:18:10 INFO]: Config reloaded, but webhook.url is missing or invalid. [07:18:10 INFO]: DLCHAT17387 [07:18:11 INFO]: [DiscordLogger] Log fil…"
2026-09-01T07:18:53.289058029Z,33479539475,2.3.1,26.2,lang.yml chat.*,chat.webhook-invalid,PASS,the rewritten line came back from 'discordlogger webhook http://example.com/not-a-webhook'
2026-09-01T07:18:53.289062910Z,33479539475,2.3.1,26.2,lang.yml chat.*,chat.webhook-expected,PASS,the rewritten line came back from 'discordlogger webhook http://example.com/not-a-webhook'
2026-09-01T07:18:53.289067807Z,33479539475,2.3.1,26.2,lang.yml chat.*,chat.regen-warning,PASS,the rewritten line came back from 'discordlogger regen'
2026-09-01T07:18:53.289072579Z,33479539475,2.3.1,26.2,lang.yml chat.*,chat.regen-confirm,PASS,the rewritten line came back from 'discordlogger regen'
2026-09-01T07:18:53.289077222Z,33479539475,2.3.1,26.2,lang.yml chat.*,chat.help-header,PASS,the rewritten line came back from 'discordlogger'
2026-09-01T07:18:53.289081763Z,33479539475,2.3.1,26.2,lang.yml chat.*,chat.help-entry,PASS,the rewritten line came back from 'discordlogger'
2026-09-01T07:18:53.289086285Z,33479539475,2.3.1,26.2,lang.yml chat.*,chat.unknown-subcommand,PASS,the rewritten line came back from 'discordlogger definitelynotasubcommand'
